scenario,sensitivity,origin,method,returned,diagnostic,shelter,cost,query_ms_median,query_ms_all,ref_reachable_0.3,ref_reachable_0.2,ref_reachable_0.8,length_km,exposure_m2,max_depth_m,wet_length_m,edges,unsafe_edges_0.3,traversable_0.3,unsafe_edges_0.2,traversable_0.2,unsafe_edges_0.8,traversable_0.8
S0,false,1,M1_distance,true,,9,3.5648,0.604,0.604,true,true,true,3.5648,0,0,0,146,0,true,0,true,0,true
S0,false,1,M2_proposed,true,,9,3.5648,1.157,1.157,true,true,true,3.5648,0,0,0,146,0,true,0,true,0,true
S0,false,1,M3_an2025,true,,9,2228.011,2.009,2.009,true,true,true,3.5648,0,0,0,146,0,true,0,true,0,true
S0,false,2,M1_distance,true,,4,4.4419,3.785,3.785,true,true,true,4.4419,0,0,0,137,0,true,0,true,0,true
S0,false,2,M2_proposed,true,,4,4.4419,11.013,11.013,true,true,true,4.4419,0,0,0,137,0,true,0,true,0,true
S0,false,2,M3_an2025,true,,4,2776.1665,7.21,7.210,true,true,true,4.4419,0,0,0,137,0,true,0,true,0,true
S0,false,3,M1_distance,true,,9,2.6507,0.776,0.776,true,true,true,2.6507,0,0,0,96,0,true,0,true,0,true
S0,false,3,M2_proposed,true,,9,2.6507,1.234,1.234,true,true,true,2.6507,0,0,0,96,0,true,0,true,0,true
S0,false,3,M3_an2025,true,,9,1656.6641,0.992,0.992,true,true,true,2.6507,0,0,0,96,0,true,0,true,0,true
S0,false,4,M1_distance,true,,4,4.3464,1.87,1.870,true,true,true,4.3464,0,0,0,137,0,true,0,true,0,true
S0,false,4,M2_proposed,true,,4,4.3464,6.064,6.064,true,true,true,4.3464,0,0,0,137,0,true,0,true,0,true
S0,false,4,M3_an2025,true,,4,2716.4774,4.234,4.234,true,true,true,4.3464,0,0,0,137,0,true,0,true,0,true
S0,false,5,M1_distance,true,,4,4.4419,2.362,2.362,true,true,true,4.4419,0,0,0,161,0,true,0,true,0,true
S0,false,5,M2_proposed,true,,4,4.4419,6.044,6.044,true,true,true,4.4419,0,0,0,161,0,true,0,true,0,true
S0,false,5,M3_an2025,true,,4,2776.1729,5.336,5.336,true,true,true,4.4419,0,0,0,161,0,true,0,true,0,true
S0,false,6,M1_distance,true,,4,0.7045,0.356,0.356,true,true,true,0.7045,0,0,0,21,0,true,0,true,0,true
S0,false,6,M2_proposed,true,,4,0.7045,0.36,0.360,true,true,true,0.7045,0,0,0,21,0,true,0,true,0,true
S0,false,6,M3_an2025,true,,4,440.3096,0.344,0.344,true,true,true,0.7045,0,0,0,21,0,true,0,true,0,true
S0,false,7,M1_distance,true,,8,2.4584,1.375,1.375,true,true,true,2.4584,0,0,0,57,0,true,0,true,0,true
S0,false,7,M2_proposed,true,,8,2.4584,3.361,3.361,true,true,true,2.4584,0,0,0,57,0,true,0,true,0,true
S0,false,7,M3_an2025,true,,8,1536.5146,2.347,2.347,true,true,true,2.4584,0,0,0,57,0,true,0,true,0,true
S0,false,8,M1_distance,true,,4,2.2256,1.684,1.684,true,true,true,2.2256,0,0,0,73,0,true,0,true,0,true
S0,false,8,M2_proposed,true,,4,2.2256,3.145,3.145,true,true,true,2.2256,0,0,0,73,0,true,0,true,0,true
S0,false,8,M3_an2025,true,,4,1391.0177,2.031,2.031,true,true,true,2.2256,0,0,0,73,0,true,0,true,0,true
S0,false,9,M1_distance,true,,8,2.2269,1.592,1.592,true,true,true,2.2269,0,0,0,72,0,true,0,true,0,true
S0,false,9,M2_proposed,true,,8,2.2269,3.392,3.392,true,true,true,2.2269,0,0,0,72,0,true,0,true,0,true
S0,false,9,M3_an2025,true,,8,1391.816,3.413,3.413,true,true,true,2.2269,0,0,0,72,0,true,0,true,0,true
S0,false,10,M1_distance,true,,9,0.7573,0.435,0.435,true,true,true,0.7573,0,0,0,21,0,true,0,true,0,true
S0,false,10,M2_proposed,true,,9,0.7573,0.562,0.562,true,true,true,0.7573,0,0,0,21,0,true,0,true,0,true
S0,false,10,M3_an2025,true,,9,473.2871,0.591,0.591,true,true,true,0.7573,0,0,0,21,0,true,0,true,0,true
S0,false,11,M1_distance,true,,4,5.077,41.367,41.367,true,true,true,5.077,0,0,0,158,0,true,0,true,0,true
S0,false,11,M2_proposed,true,,4,5.077,4.152,4.152,true,true,true,5.077,0,0,0,158,0,true,0,true,0,true
S0,false,11,M3_an2025,true,,4,3173.1187,2.733,2.733,true,true,true,5.077,0,0,0,158,0,true,0,true,0,true
S0,false,12,M1_distance,true,,8,4.8102,5.47,5.470,true,true,true,4.8102,0,0,0,132,0,true,0,true,0,true
S0,false,12,M2_proposed,true,,8,4.8102,7.043,7.043,true,true,true,4.8102,0,0,0,132,0,true,0,true,0,true
S0,false,12,M3_an2025,true,,8,3006.3933,8.671,8.671,true,true,true,4.8102,0,0,0,132,0,true,0,true,0,true
S0,false,13,M1_distance,true,,4,5.3483,3.931,3.931,true,true,true,5.3483,0,0,0,175,0,true,0,true,0,true
S0,false,13,M2_proposed,true,,4,5.3483,10.058,10.058,true,true,true,5.3483,0,0,0,175,0,true,0,true,0,true
S0,false,13,M3_an2025,true,,4,3342.7153,7.158,7.158,true,true,true,5.3483,0,0,0,175,0,true,0,true,0,true
S0,false,14,M1_distance,true,,4,2.2619,1.777,1.777,true,true,true,2.2619,0,0,0,48,0,true,0,true,0,true
S0,false,14,M2_proposed,true,,4,2.2619,4.333,4.333,true,true,true,2.2619,0,0,0,48,0,true,0,true,0,true
S0,false,14,M3_an2025,true,,4,1413.6658,3.251,3.251,true,true,true,2.2619,0,0,0,48,0,true,0,true,0,true
S0,false,15,M1_distance,true,,4,3.7294,3.154,3.154,true,true,true,3.7294,0,0,0,120,0,true,0,true,0,true
S0,false,15,M2_proposed,true,,4,3.7294,9.146,9.146,true,true,true,3.7294,0,0,0,120,0,true,0,true,0,true
S0,false,15,M3_an2025,true,,4,2330.8504,8.382,8.382,true,true,true,3.7294,0,0,0,120,0,true,0,true,0,true
S0,false,16,M1_distance,true,,8,1.4535,1.093,1.093,true,true,true,1.4535,0,0,0,40,0,true,0,true,0,true
S0,false,16,M2_proposed,true,,8,1.4535,2.322,2.322,true,true,true,1.4535,0,0,0,40,0,true,0,true,0,true
S0,false,16,M3_an2025,true,,8,908.45,1.55,1.550,true,true,true,1.4535,0,0,0,40,0,true,0,true,0,true
S0,false,17,M1_distance,true,,8,4.4279,3.481,3.481,true,true,true,4.4279,0,0,0,112,0,true,0,true,0,true
S0,false,17,M2_proposed,true,,8,4.4279,11.281,11.281,true,true,true,4.4279,0,0,0,112,0,true,0,true,0,true
S0,false,17,M3_an2025,true,,8,2767.4293,10.08,10.080,true,true,true,4.4279,0,0,0,112,0,true,0,true,0,true
S0,false,18,M1_distance,true,,8,2.343,1.864,1.864,true,true,true,2.343,0,0,0,62,0,true,0,true,0,true
S0,false,18,M2_proposed,true,,8,2.343,5.088,5.088,true,true,true,2.343,0,0,0,62,0,true,0,true,0,true
S0,false,18,M3_an2025,true,,8,1464.3497,4.484,4.484,true,true,true,2.343,0,0,0,62,0,true,0,true,0,true
S0,false,19,M1_distance,true,,8,2.0721,2.025,2.025,true,true,true,2.0721,0,0,0,56,0,true,0,true,0,true
S0,false,19,M2_proposed,true,,8,2.0721,4.529,4.529,true,true,true,2.0721,0,0,0,56,0,true,0,true,0,true
S0,false,19,M3_an2025,true,,8,1295.0529,3.723,3.723,true,true,true,2.0721,0,0,0,56,0,true,0,true,0,true
S0,false,20,M1_distance,true,,7,8.4103,3.654,3.654,true,true,true,8.4103,0,0,0,195,0,true,0,true,0,true
S0,false,20,M2_proposed,true,,7,8.4103,43.095,43.095,true,true,true,8.4103,0,0,0,195,0,true,0,true,0,true
S0,false,20,M3_an2025,true,,7,5256.4163,9.796,9.796,true,true,true,8.4103,0,0,0,195,0,true,0,true,0,true
S0,false,21,M1_distance,true,,7,1.5022,1,1.000,true,true,true,1.5022,0,0,0,29,0,true,0,true,0,true
S0,false,21,M2_proposed,true,,7,1.5022,1.502,1.502,true,true,true,1.5022,0,0,0,29,0,true,0,true,0,true
S0,false,21,M3_an2025,true,,7,938.8819,0.906,0.906,true,true,true,1.5022,0,0,0,29,0,true,0,true,0,true
S0,false,22,M1_distance,true,,7,2.2373,0.786,0.786,true,true,true,2.2373,0,0,0,53,0,true,0,true,0,true
S0,false,22,M2_proposed,true,,7,2.2373,1.81,1.810,true,true,true,2.2373,0,0,0,53,0,true,0,true,0,true
S0,false,22,M3_an2025,true,,7,1398.3248,2.403,2.403,true,true,true,2.2373,0,0,0,53,0,true,0,true,0,true
S0,false,23,M1_distance,true,,7,5.7136,3.756,3.756,true,true,true,5.7136,0,0,0,153,0,true,0,true,0,true
S0,false,23,M2_proposed,true,,7,5.7136,8.291,8.291,true,true,true,5.7136,0,0,0,153,0,true,0,true,0,true
S0,false,23,M3_an2025,true,,7,3571.0075,9.777,9.777,true,true,true,5.7136,0,0,0,153,0,true,0,true,0,true
S0,false,24,M1_distance,true,,7,3.7965,2.35,2.350,true,true,true,3.7965,0,0,0,115,0,true,0,true,0,true
S0,false,24,M2_proposed,true,,7,3.7965,5.391,5.391,true,true,true,3.7965,0,0,0,115,0,true,0,true,0,true
S0,false,24,M3_an2025,true,,7,2372.8269,6.111,6.111,true,true,true,3.7965,0,0,0,115,0,true,0,true,0,true
S0,false,25,M1_distance,true,,5,2.019,2.384,2.384,true,true,true,2.019,0,0,0,67,0,true,0,true,0,true
S0,false,25,M2_proposed,true,,5,2.019,5.355,5.355,true,true,true,2.019,0,0,0,67,0,true,0,true,0,true
S0,false,25,M3_an2025,true,,5,1261.8741,5.409,5.409,true,true,true,2.019,0,0,0,67,0,true,0,true,0,true
S0,false,26,M1_distance,true,,5,1.0687,0.546,0.546,true,true,true,1.0687,0,0,0,33,0,true,0,true,0,true
S0,false,26,M2_proposed,true,,5,1.0687,0.85,0.850,true,true,true,1.0687,0,0,0,33,0,true,0,true,0,true
S0,false,26,M3_an2025,true,,5,667.9141,0.776,0.776,true,true,true,1.0687,0,0,0,33,0,true,0,true,0,true
S0,false,27,M1_distance,true,,3,2.187,0.941,0.941,true,true,true,2.187,0,0,0,54,0,true,0,true,0,true
S0,false,27,M2_proposed,true,,3,2.187,1.958,1.958,true,true,true,2.187,0,0,0,54,0,true,0,true,0,true
S0,false,27,M3_an2025,true,,3,1366.8864,1.964,1.964,true,true,true,2.187,0,0,0,54,0,true,0,true,0,true
S0,false,28,M1_distance,true,,7,3.3577,4.257,4.257,true,true,true,3.3577,0,0,0,94,0,true,0,true,0,true
S0,false,28,M2_proposed,true,,7,3.3577,10.583,10.583,true,true,true,3.3577,0,0,0,94,0,true,0,true,0,true
S0,false,28,M3_an2025,true,,7,2098.5702,10.438,10.438,true,true,true,3.3577,0,0,0,94,0,true,0,true,0,true
S0,false,29,M1_distance,true,,7,5.5354,3.466,3.466,true,true,true,5.5354,0,0,0,143,0,true,0,true,0,true
S0,false,29,M2_proposed,true,,7,5.5354,9.013,9.013,true,true,true,5.5354,0,0,0,143,0,true,0,true,0,true
S0,false,29,M3_an2025,true,,7,3459.6058,35.788,35.788,true,true,true,5.5354,0,0,0,143,0,true,0,true,0,true
S0,false,30,M1_distance,true,,3,2.6793,2.76,2.760,true,true,true,2.6793,0,0,0,63,0,true,0,true,0,true
S0,false,30,M2_proposed,true,,3,2.6793,5.962,5.962,true,true,true,2.6793,0,0,0,63,0,true,0,true,0,true
S0,false,30,M3_an2025,true,,3,1674.5785,5.675,5.675,true,true,true,2.6793,0,0,0,63,0,true,0,true,0,true
S0,false,31,M1_distance,true,,7,3.5175,2.012,2.012,true,true,true,3.5175,0,0,0,76,0,true,0,true,0,true
S0,false,31,M2_proposed,true,,7,3.5175,7.637,7.637,true,true,true,3.5175,0,0,0,76,0,true,0,true,0,true
S0,false,31,M3_an2025,true,,7,2198.4552,4.606,4.606,true,true,true,3.5175,0,0,0,76,0,true,0,true,0,true
S0,false,32,M1_distance,true,,3,1.5916,0.728,0.728,true,true,true,1.5916,0,0,0,36,0,true,0,true,0,true
S0,false,32,M2_proposed,true,,3,1.5916,1.351,1.351,true,true,true,1.5916,0,0,0,36,0,true,0,true,0,true
S0,false,32,M3_an2025,true,,3,994.7242,3.565,3.565,true,true,true,1.5916,0,0,0,36,0,true,0,true,0,true
S0,false,33,M1_distance,true,,7,2.2529,1.364,1.364,true,true,true,2.2529,0,0,0,64,0,true,0,true,0,true
S0,false,33,M2_proposed,true,,7,2.2529,2.675,2.675,true,true,true,2.2529,0,0,0,64,0,true,0,true,0,true
S0,false,33,M3_an2025,true,,7,1408.0782,2.197,2.197,true,true,true,2.2529,0,0,0,64,0,true,0,true,0,true
S0,false,34,M1_distance,true,,7,1.9227,1.117,1.117,true,true,true,1.9227,0,0,0,61,0,true,0,true,0,true
S0,false,34,M2_proposed,true,,7,1.9227,2.068,2.068,true,true,true,1.9227,0,0,0,61,0,true,0,true,0,true
S0,false,34,M3_an2025,true,,7,1201.6608,2.48,2.480,true,true,true,1.9227,0,0,0,61,0,true,0,true,0,true
S0,false,35,M1_distance,true,,7,3.6916,1.823,1.823,true,true,true,3.6916,0,0,0,130,0,true,0,true,0,true
S0,false,35,M2_proposed,true,,7,3.6916,3.371,3.371,true,true,true,3.6916,0,0,0,130,0,true,0,true,0,true
S0,false,35,M3_an2025,true,,7,2307.273,2.408,2.408,true,true,true,3.6916,0,0,0,130,0,true,0,true,0,true
S0,false,36,M1_distance,true,,7,4.5516,2.821,2.821,true,true,true,4.5516,0,0,0,97,0,true,0,true,0,true
S0,false,36,M2_proposed,true,,7,4.5516,5.448,5.448,true,true,true,4.5516,0,0,0,97,0,true,0,true,0,true
S0,false,36,M3_an2025,true,,7,2844.7278,3.958,3.958,true,true,true,4.5516,0,0,0,97,0,true,0,true,0,true
S0,false,37,M1_distance,true,,7,3.7026,2.579,2.579,true,true,true,3.7026,0,0,0,105,0,true,0,true,0,true
S0,false,37,M2_proposed,true,,7,3.7026,4.209,4.209,true,true,true,3.7026,0,0,0,105,0,true,0,true,0,true
S0,false,37,M3_an2025,true,,7,2314.1083,2.557,2.557,true,true,true,3.7026,0,0,0,105,0,true,0,true,0,true
S0,false,38,M1_distance,true,,7,4.8669,3.141,3.141,true,true,true,4.8669,0,0,0,156,0,true,0,true,0,true
S0,false,38,M2_proposed,true,,7,4.8669,10.592,10.592,true,true,true,4.8669,0,0,0,156,0,true,0,true,0,true
S0,false,38,M3_an2025,true,,7,3041.8264,9.372,9.372,true,true,true,4.8669,0,0,0,156,0,true,0,true,0,true
S0,false,39,M1_distance,true,,3,3.8945,1.493,1.493,true,true,true,3.8945,0,0,0,101,0,true,0,true,0,true
S0,false,39,M2_proposed,true,,3,3.8945,3.316,3.316,true,true,true,3.8945,0,0,0,101,0,true,0,true,0,true
S0,false,39,M3_an2025,true,,3,2434.072,52.511,52.511,true,true,true,3.8945,0,0,0,101,0,true,0,true,0,true
S0,false,40,M1_distance,true,,3,4.2719,2.807,2.807,true,true,true,4.2719,0,0,0,97,0,true,0,true,0,true
S0,false,40,M2_proposed,true,,3,4.2719,6.481,6.481,true,true,true,4.2719,0,0,0,97,0,true,0,true,0,true
S0,false,40,M3_an2025,true,,3,2669.9527,7.392,7.392,true,true,true,4.2719,0,0,0,97,0,true,0,true,0,true
S1,false,1,M1_distance,true,,9,3.5648,0.788,0.788,true,true,true,3.5648,0,0,0,146,0,true,0,true,0,true
S1,false,1,M2_proposed,true,,9,3.5648,1.651,1.651,true,true,true,3.5648,0,0,0,146,0,true,0,true,0,true
S1,false,1,M3_an2025,true,,9,2228.011,0.807,0.807,true,true,true,3.5648,0,0,0,146,0,true,0,true,0,true
S1,false,2,M1_distance,true,,4,4.4419,2.339,2.339,true,true,true,4.4419,0,0,0,137,0,true,0,true,0,true
S1,false,2,M2_proposed,true,,4,4.4419,5.907,5.907,true,true,true,4.4419,0,0,0,137,0,true,0,true,0,true
S1,false,2,M3_an2025,true,,4,2776.1665,5.385,5.385,true,true,true,4.4419,0,0,0,137,0,true,0,true,0,true
S1,false,3,M1_distance,true,,9,2.6507,0.817,0.817,true,true,true,2.6507,0,0,0,96,0,true,0,true,0,true
S1,false,3,M2_proposed,true,,9,2.6507,1.246,1.246,true,true,true,2.6507,0,0,0,96,0,true,0,true,0,true
S1,false,3,M3_an2025,true,,9,1656.6641,2.235,2.235,true,true,true,2.6507,0,0,0,96,0,true,0,true,0,true
S1,false,4,M1_distance,true,,4,4.3464,2.389,2.389,true,true,true,4.3464,0,0,0,137,0,true,0,true,0,true
S1,false,4,M2_proposed,true,,4,4.3464,4.141,4.141,true,true,true,4.3464,0,0,0,137,0,true,0,true,0,true
S1,false,4,M3_an2025,true,,4,2716.4774,4.543,4.543,true,true,true,4.3464,0,0,0,137,0,true,0,true,0,true
S1,false,5,M1_distance,true,,4,4.4419,2.525,2.525,true,true,true,4.4419,97.017,0.3,488.7,161,0,true,9,false,0,true
S1,false,5,M2_proposed,true,,4,4.8013,5.037,5.037,true,true,true,4.8013,0,0,0,165,0,true,0,true,0,true
S1,false,5,M3_an2025,true,,4,3000.7968,6.374,6.374,true,true,true,4.8013,0,0,0,165,0,true,0,true,0,true
S1,false,6,M1_distance,true,,4,0.7045,0.341,0.341,true,true,true,0.7045,0,0,0,21,0,true,0,true,0,true
S1,false,6,M2_proposed,true,,4,0.7045,0.338,0.338,true,true,true,0.7045,0,0,0,21,0,true,0,true,0,true
S1,false,6,M3_an2025,true,,4,440.3096,0.335,0.335,true,true,true,0.7045,0,0,0,21,0,true,0,true,0,true
S1,false,7,M1_distance,true,,8,2.4584,1.125,1.125,true,true,true,2.4584,186.917,0.3,838.2,57,0,true,14,false,0,true
S1,false,7,M2_proposed,true,,8,2.9041,2.517,2.517,true,true,true,2.9041,0,0,0,100,0,true,0,true,0,true
S1,false,7,M3_an2025,true,,8,1815.06,1.872,1.872,true,true,true,2.9041,0,0,0,100,0,true,0,true,0,true
S1,false,8,M1_distance,true,,4,2.2256,1.198,1.198,true,true,true,2.2256,88.812,0.3,406.6,73,0,true,9,false,0,true
S1,false,8,M2_proposed,true,,4,2.8047,6.956,6.956,true,true,true,2.5061,23.622,0.1,236.2,77,0,true,0,true,0,true
S1,false,8,M3_an2025,true,,4,1636.91,3.817,3.817,true,true,true,2.5061,23.622,0.1,236.2,77,0,true,0,true,0,true
S1,false,9,M1_distance,true,,8,2.2269,1.086,1.086,true,true,true,2.2269,0,0,0,72,0,true,0,true,0,true
S1,false,9,M2_proposed,true,,8,2.2269,2.51,2.510,true,true,true,2.2269,0,0,0,72,0,true,0,true,0,true
S1,false,9,M3_an2025,true,,8,1391.816,3.091,3.091,true,true,true,2.2269,0,0,0,72,0,true,0,true,0,true
S1,false,10,M1_distance,true,,9,0.7573,0.501,0.501,true,true,true,0.7573,0,0,0,21,0,true,0,true,0,true
S1,false,10,M2_proposed,true,,9,0.7573,0.53,0.530,true,true,true,0.7573,0,0,0,21,0,true,0,true,0,true
S1,false,10,M3_an2025,true,,9,473.2871,0.494,0.494,true,true,true,0.7573,0,0,0,21,0,true,0,true,0,true
S1,false,11,M1_distance,true,,4,5.077,1.303,1.303,true,true,true,5.077,88.812,0.3,406.6,158,0,true,9,false,0,true
S1,false,11,M2_proposed,true,,4,5.6561,3.863,3.863,true,true,true,5.3575,23.622,0.1,236.2,162,0,true,0,true,0,true
S1,false,11,M3_an2025,true,,4,3419.011,4.742,4.742,true,true,true,5.3575,23.622,0.1,236.2,162,0,true,0,true,0,true
S1,false,12,M1_distance,true,,8,4.8102,2.604,2.604,true,true,true,4.8102,182.552,0.3,819.7,132,0,true,15,false,0,true
S1,false,12,M2_proposed,true,,8,5.5508,7.437,7.437,true,true,true,5.417,10.756,0.1,107.6,167,0,true,0,true,0,true
S1,false,12,M3_an2025,true,,8,3417.2463,8.886,8.886,true,true,true,5.417,10.756,0.1,107.6,167,0,true,0,true,0,true
S1,false,13,M1_distance,true,,4,5.3483,3.398,3.398,true,true,true,5.3483,23.622,0.1,236.2,175,0,true,0,true,0,true
S1,false,13,M2_proposed,true,,4,5.5532,7.936,7.936,true,true,true,5.5532,0,0,0,142,0,true,0,true,0,true
S1,false,13,M3_an2025,true,,4,3413.2821,6.941,6.941,true,true,true,5.3483,23.622,0.1,236.2,175,0,true,0,true,0,true
S1,false,14,M1_distance,true,,4,2.2619,1.365,1.365,true,true,true,2.2619,0,0,0,48,0,true,0,true,0,true
S1,false,14,M2_proposed,true,,4,2.2619,3.023,3.023,true,true,true,2.2619,0,0,0,48,0,true,0,true,0,true
S1,false,14,M3_an2025,true,,4,1413.6658,2.961,2.961,true,true,true,2.2619,0,0,0,48,0,true,0,true,0,true
S1,false,15,M1_distance,true,,4,3.7294,2.652,2.652,true,true,true,3.7294,23.622,0.1,236.2,120,0,true,0,true,0,true
S1,false,15,M2_proposed,true,,4,3.9342,7.062,7.062,true,true,true,3.9342,0,0,0,87,0,true,0,true,0,true
S1,false,15,M3_an2025,true,,4,2401.4172,7.361,7.361,true,true,true,3.7294,23.622,0.1,236.2,120,0,true,0,true,0,true
S1,false,16,M1_distance,true,,8,1.4535,1.071,1.071,true,true,true,1.4535,0,0,0,40,0,true,0,true,0,true
S1,false,16,M2_proposed,true,,8,1.4535,2.011,2.011,true,true,true,1.4535,0,0,0,40,0,true,0,true,0,true
S1,false,16,M3_an2025,true,,8,908.45,1.466,1.466,true,true,true,1.4535,0,0,0,40,0,true,0,true,0,true
S1,false,17,M1_distance,true,,8,4.4279,3.787,3.787,true,true,true,4.4279,182.552,0.3,819.7,112,0,true,15,false,0,true
S1,false,17,M2_proposed,true,,5,4.44,8.761,8.761,true,true,true,4.44,0,0,0,112,0,true,0,true,0,true
S1,false,17,M3_an2025,true,,5,2775.0261,14.895,14.895,true,true,true,4.44,0,0,0,112,0,true,0,true,0,true
S1,false,18,M1_distance,true,,8,2.343,22.187,22.187,true,true,true,2.343,10.756,0.1,107.6,62,0,true,0,true,0,true
S1,false,18,M2_proposed,true,,8,2.4767,5.32,5.320,true,true,true,2.343,10.756,0.1,107.6,62,0,true,0,true,0,true
S1,false,18,M3_an2025,true,,8,1495.951,4.706,4.706,true,true,true,2.343,10.756,0.1,107.6,62,0,true,0,true,0,true
S1,false,19,M1_distance,true,,8,2.0721,1.617,1.617,true,true,true,2.0721,0,0,0,56,0,true,0,true,0,true
S1,false,19,M2_proposed,true,,8,2.0721,3.588,3.588,true,true,true,2.0721,0,0,0,56,0,true,0,true,0,true
S1,false,19,M3_an2025,true,,8,1295.0529,3.818,3.818,true,true,true,2.0721,0,0,0,56,0,true,0,true,0,true
S1,false,20,M1_distance,true,,7,8.4103,3.688,3.688,true,true,true,8.4103,172.512,0.3,784.5,195,0,true,22,false,0,true
S1,false,20,M2_proposed,true,,7,8.5508,11.089,11.089,true,true,true,8.5508,0,0,0,185,0,true,0,true,0,true
S1,false,20,M3_an2025,true,,7,5344.2388,10.135,10.135,true,true,true,8.5508,0,0,0,185,0,true,0,true,0,true
S1,false,21,M1_distance,true,,7,1.5022,1.688,1.688,true,true,true,1.5022,0,0,0,29,0,true,0,true,0,true
S1,false,21,M2_proposed,true,,7,1.5022,2.508,2.508,true,true,true,1.5022,0,0,0,29,0,true,0,true,0,true
S1,false,21,M3_an2025,true,,7,938.8819,2.251,2.251,true,true,true,1.5022,0,0,0,29,0,true,0,true,0,true
S1,false,22,M1_distance,true,,7,2.2373,2.855,2.855,true,true,true,2.2373,0,0,0,53,0,true,0,true,0,true
S1,false,22,M2_proposed,true,,7,2.2373,2.345,2.345,true,true,true,2.2373,0,0,0,53,0,true,0,true,0,true
S1,false,22,M3_an2025,true,,7,1398.3248,1.931,1.931,true,true,true,2.2373,0,0,0,53,0,true,0,true,0,true
S1,false,23,M1_distance,true,,7,5.7136,3.744,3.744,true,true,true,5.7136,172.512,0.3,784.5,153,0,true,22,false,0,true
S1,false,23,M2_proposed,true,,7,5.8541,11.977,11.977,true,true,true,5.8541,0,0,0,143,0,true,0,true,0,true
S1,false,23,M3_an2025,true,,7,3658.8301,9.839,9.839,true,true,true,5.8541,0,0,0,143,0,true,0,true,0,true
S1,false,24,M1_distance,true,,7,3.7965,4.013,4.013,true,true,true,3.7965,172.512,0.3,784.5,115,0,true,22,false,0,true
S1,false,24,M2_proposed,true,,7,4.4108,11.53,11.530,true,true,true,4.4108,0,0,0,138,0,true,0,true,0,true
S1,false,24,M3_an2025,true,,7,2756.7326,8.231,8.231,true,true,true,4.4108,0,0,0,138,0,true,0,true,0,true
S1,false,25,M1_distance,true,,5,2.019,2.618,2.618,true,true,true,2.019,0,0,0,67,0,true,0,true,0,true
S1,false,25,M2_proposed,true,,5,2.019,5.535,5.535,true,true,true,2.019,0,0,0,67,0,true,0,true,0,true
S1,false,25,M3_an2025,true,,5,1261.8741,5.507,5.507,true,true,true,2.019,0,0,0,67,0,true,0,true,0,true
S1,false,26,M1_distance,true,,5,1.0687,0.701,0.701,true,true,true,1.0687,0,0,0,33,0,true,0,true,0,true
S1,false,26,M2_proposed,true,,5,1.0687,1.053,1.053,true,true,true,1.0687,0,0,0,33,0,true,0,true,0,true
S1,false,26,M3_an2025,true,,5,667.9141,0.813,0.813,true,true,true,1.0687,0,0,0,33,0,true,0,true,0,true
S1,false,27,M1_distance,true,,3,2.187,0.938,0.938,true,true,true,2.187,103.639,0.3,495.3,54,0,true,10,false,0,true
S1,false,27,M2_proposed,true,,5,2.8807,2.494,2.494,true,true,true,2.8807,0,0,0,92,0,true,0,true,0,true
S1,false,27,M3_an2025,true,,3,1699.8268,2.89,2.890,true,true,true,2.2093,99.218,0.3,451.1,63,0,true,10,false,0,true
S1,false,28,M1_distance,true,,7,3.3577,40.514,40.514,true,true,true,3.3577,83.841,0.3,393.6,94,0,true,11,false,0,true
S1,false,28,M2_proposed,true,,7,3.6245,10.737,10.737,true,true,true,3.6245,0,0,0,97,0,true,0,true,0,true
S1,false,28,M3_an2025,true,,7,2265.2882,12.991,12.991,true,true,true,3.6245,0,0,0,97,0,true,0,true,0,true
S1,false,29,M1_distance,true,,7,5.5354,3.398,3.398,true,true,true,5.5354,176.416,0.3,797.8,143,0,true,17,false,0,true
S1,false,29,M2_proposed,true,,7,6.0363,13.325,13.325,true,true,true,6.0363,0,0,0,179,0,true,0,true,0,true
S1,false,29,M3_an2025,true,,7,3772.7003,10.806,10.806,true,true,true,6.0363,0,0,0,179,0,true,0,true,0,true
S1,false,30,M1_distance,true,,3,2.6793,4.254,4.254,true,true,true,2.6793,88.102,0.3,384.7,63,0,true,9,false,0,true
S1,false,30,M2_proposed,true,,5,3.5991,10.002,10.002,true,true,true,3.5991,0,0,0,112,0,true,0,true,0,true
S1,false,30,M3_an2025,true,,3,1981.3914,10.316,10.316,true,true,true,2.6793,88.102,0.3,384.7,63,0,true,9,false,0,true
S1,false,31,M1_distance,true,,7,3.5175,2.17,2.170,true,true,true,3.5175,176.416,0.3,797.8,76,0,true,17,false,0,true
S1,false,31,M2_proposed,true,,7,4.0185,6.046,6.046,true,true,true,4.0185,0,0,0,112,0,true,0,true,0,true
S1,false,31,M3_an2025,true,,7,2511.5496,6.495,6.495,true,true,true,4.0185,0,0,0,112,0,true,0,true,0,true
S1,false,32,M1_distance,true,,3,1.5916,0.763,0.763,true,true,true,1.5916,98.587,0.3,430.1,36,0,true,9,false,0,true
S1,false,32,M2_proposed,true,,5,4.5892,10.974,10.974,true,true,true,4.5892,0,0,0,122,0,true,0,true,0,true
S1,false,32,M3_an2025,true,,3,1335.2337,2.775,2.775,true,true,true,1.5916,98.587,0.3,430.1,36,0,true,9,false,0,true
S1,false,33,M1_distance,true,,7,2.2529,1.27,1.270,true,true,true,2.2529,86.272,0.3,393,64,0,true,11,false,0,true
S1,false,33,M2_proposed,true,,7,2.3876,4.078,4.078,true,true,true,2.3876,0,0,0,73,0,true,0,true,0,true
S1,false,33,M3_an2025,true,,7,1492.2335,2.984,2.984,true,true,true,2.3876,0,0,0,73,0,true,0,true,0,true
S1,false,34,M1_distance,true,,7,1.9227,1.274,1.274,true,true,true,1.9227,83.841,0.3,393.6,61,0,true,11,false,0,true
S1,false,34,M2_proposed,true,,7,2.2871,3.446,3.446,true,true,true,2.2871,0,0,0,64,0,true,0,true,0,true
S1,false,34,M3_an2025,true,,7,1429.4643,3.729,3.729,true,true,true,2.2871,0,0,0,64,0,true,0,true,0,true
S1,false,35,M1_distance,true,,7,3.6916,1.49,1.490,true,true,true,3.6916,0,0,0,130,0,true,0,true,0,true
S1,false,35,M2_proposed,true,,7,3.6916,3.206,3.206,true,true,true,3.6916,0,0,0,130,0,true,0,true,0,true
S1,false,35,M3_an2025,true,,7,2307.273,4.364,4.364,true,true,true,3.6916,0,0,0,130,0,true,0,true,0,true
S1,false,36,M1_distance,true,,7,4.5516,7.049,7.049,true,true,true,4.5516,176.416,0.3,797.8,97,0,true,17,false,0,true
S1,false,36,M2_proposed,true,,7,4.9758,13.309,13.309,true,true,true,4.9758,0,0,0,130,0,true,0,true,0,true
S1,false,36,M3_an2025,true,,7,3109.8486,7.434,7.434,true,true,true,4.9758,0,0,0,130,0,true,0,true,0,true
S1,false,37,M1_distance,true,,7,3.7026,10.49,10.490,true,true,true,3.7026,86.272,0.3,393,105,0,true,11,false,0,true
S1,false,37,M2_proposed,true,,7,3.8372,4.599,4.599,true,true,true,3.8372,0,0,0,114,0,true,0,true,0,true
S1,false,37,M3_an2025,true,,7,2398.2636,6.83,6.830,true,true,true,3.8372,0,0,0,114,0,true,0,true,0,true
S1,false,38,M1_distance,true,,7,4.8669,3.975,3.975,true,true,true,4.8669,83.841,0.3,393.6,156,0,true,11,false,0,true
S1,false,38,M2_proposed,true,,7,5.2587,11.112,11.112,true,true,true,5.2587,0,0,0,160,0,true,0,true,0,true
S1,false,38,M3_an2025,true,,7,3281.9271,12.403,12.403,true,true,true,4.8669,83.841,0.3,393.6,156,0,true,11,false,0,true
S1,false,39,M1_distance,true,,3,3.8945,1.366,1.366,true,true,true,3.8945,98.587,0.3,430.1,101,0,true,9,false,0,true
S1,false,39,M2_proposed,true,,5,6.797,11.982,11.982,true,true,true,6.797,0,0,0,219,0,true,0,true,0,true
S1,false,39,M3_an2025,true,,3,2774.5815,4.939,4.939,true,true,true,3.8945,98.587,0.3,430.1,101,0,true,9,false,0,true
S1,false,40,M1_distance,true,,3,4.2719,2.969,2.969,true,true,true,4.2719,88.102,0.3,384.7,97,0,true,9,false,0,true
S1,false,40,M2_proposed,true,,5,5.3931,10.858,10.858,true,true,true,5.3931,0,0,0,129,0,true,0,true,0,true
S1,false,40,M3_an2025,true,,3,2976.7655,8.902,8.902,true,true,true,4.2719,88.102,0.3,384.7,97,0,true,9,false,0,true
S2,false,1,M1_distance,true,,9,3.5648,0.832,0.832,true,true,true,3.5648,0,0,0,146,0,true,0,true,0,true
S2,false,1,M2_proposed,true,,9,3.5648,1.551,1.551,true,true,true,3.5648,0,0,0,146,0,true,0,true,0,true
S2,false,1,M3_an2025,true,,9,2228.011,0.937,0.937,true,true,true,3.5648,0,0,0,146,0,true,0,true,0,true
S2,false,2,M1_distance,true,,4,4.4419,2.325,2.325,true,true,true,4.4419,0,0,0,137,0,true,0,true,0,true
S2,false,2,M2_proposed,true,,4,4.4419,8.629,8.629,true,true,true,4.4419,0,0,0,137,0,true,0,true,0,true
S2,false,2,M3_an2025,true,,4,2776.1665,8.451,8.451,true,true,true,4.4419,0,0,0,137,0,true,0,true,0,true
S2,false,3,M1_distance,true,,9,2.6507,0.756,0.756,true,true,true,2.6507,0,0,0,96,0,true,0,true,0,true
S2,false,3,M2_proposed,true,,9,2.6507,1.907,1.907,true,true,true,2.6507,0,0,0,96,0,true,0,true,0,true
S2,false,3,M3_an2025,true,,9,1656.6641,1.242,1.242,true,true,true,2.6507,0,0,0,96,0,true,0,true,0,true
S2,false,4,M1_distance,true,,4,4.3464,2.32,2.320,true,true,true,4.3464,0,0,0,137,0,true,0,true,0,true
S2,false,4,M2_proposed,true,,4,4.3464,8.762,8.762,true,true,true,4.3464,0,0,0,137,0,true,0,true,0,true
S2,false,4,M3_an2025,true,,4,2716.4774,6.529,6.529,true,true,true,4.3464,0,0,0,137,0,true,0,true,0,true
S2,false,5,M1_distance,true,,4,4.4419,3.434,3.434,true,true,true,4.4419,218.827,0.6,488.7,161,9,false,19,false,0,true
S2,false,5,M2_proposed,true,,4,4.8013,6.808,6.808,true,true,true,4.8013,0,0,0,165,0,true,0,true,0,true
S2,false,5,M3_an2025,true,,4,3000.7968,6.657,6.657,true,true,true,4.8013,0,0,0,165,0,true,0,true,0,true
S2,false,6,M1_distance,true,,4,0.7045,0.332,0.332,true,true,true,0.7045,0,0,0,21,0,true,0,true,0,true
S2,false,6,M2_proposed,true,,4,0.7045,0.686,0.686,true,true,true,0.7045,0,0,0,21,0,true,0,true,0,true
S2,false,6,M3_an2025,true,,4,440.3096,0.332,0.332,true,true,true,0.7045,0,0,0,21,0,true,0,true,0,true
S2,false,7,M1_distance,true,,8,2.4584,1.488,1.488,true,true,true,2.4584,406.099,0.6,838.2,57,14,false,19,false,0,true
S2,false,7,M2_proposed,true,,8,2.9041,7.062,7.062,true,true,true,2.9041,0,0,0,100,0,true,0,true,0,true
S2,false,7,M3_an2025,true,,8,1815.06,3.483,3.483,true,true,true,2.9041,0,0,0,100,0,true,0,true,0,true
S2,false,8,M1_distance,true,,4,2.2256,1.611,1.611,true,true,true,2.2256,194.212,0.6,406.6,73,9,false,15,false,0,true
S2,false,8,M2_proposed,true,,4,3.2259,9.888,9.888,true,true,true,3.2259,0,0,0,82,0,true,0,true,0,true
S2,false,8,M3_an2025,true,,4,1711.2006,5.019,5.019,true,true,true,2.2256,194.212,0.6,406.6,73,9,false,15,false,0,true
S2,false,9,M1_distance,true,,8,2.2269,1.871,1.871,true,true,true,2.2269,0,0,0,72,0,true,0,true,0,true
S2,false,9,M2_proposed,true,,8,2.2269,3.085,3.085,true,true,true,2.2269,0,0,0,72,0,true,0,true,0,true
S2,false,9,M3_an2025,true,,8,1391.816,1.806,1.806,true,true,true,2.2269,0,0,0,72,0,true,0,true,0,true
S2,false,10,M1_distance,true,,9,0.7573,0.354,0.354,true,true,true,0.7573,0,0,0,21,0,true,0,true,0,true
S2,false,10,M2_proposed,true,,9,0.7573,0.497,0.497,true,true,true,0.7573,0,0,0,21,0,true,0,true,0,true
S2,false,10,M3_an2025,true,,9,473.2871,5.538,5.538,true,true,true,0.7573,0,0,0,21,0,true,0,true,0,true
S2,false,11,M1_distance,true,,4,5.077,25.731,25.731,true,true,true,5.077,194.212,0.6,406.6,158,9,false,15,false,0,true
S2,false,11,M2_proposed,true,,4,6.0772,6.869,6.869,true,true,true,6.0772,0,0,0,167,0,true,0,true,0,true
S2,false,11,M3_an2025,true,,4,3493.3015,4.086,4.086,true,true,true,5.077,194.212,0.6,406.6,158,9,false,15,false,0,true
S2,false,12,M1_distance,true,,8,4.8102,1.9,1.900,true,true,true,4.8102,396.788,0.6,819.7,132,15,false,21,false,0,true
S2,false,12,M2_proposed,true,,8,5.6942,10.478,10.478,true,true,true,5.6942,0,0,0,177,0,true,0,true,0,true
S2,false,12,M3_an2025,true,,8,3487.7912,6.916,6.916,true,true,true,5.417,32.267,0.3,107.6,167,0,true,5,false,0,true
S2,false,13,M1_distance,true,,4,5.3483,2.653,2.653,true,true,true,5.3483,70.866,0.3,236.2,175,0,true,7,false,0,true
S2,false,13,M2_proposed,true,,4,5.5532,6.177,6.177,true,true,true,5.5532,0,0,0,142,0,true,0,true,0,true
S2,false,13,M3_an2025,true,,4,3470.7357,5.563,5.563,true,true,true,5.5532,0,0,0,142,0,true,0,true,0,true
S2,false,14,M1_distance,true,,4,2.2619,0.793,0.793,true,true,true,2.2619,0,0,0,48,0,true,0,true,0,true
S2,false,14,M2_proposed,true,,4,2.2619,1.573,1.573,true,true,true,2.2619,0,0,0,48,0,true,0,true,0,true
S2,false,14,M3_an2025,true,,4,1413.6658,1.117,1.117,true,true,true,2.2619,0,0,0,48,0,true,0,true,0,true
S2,false,15,M1_distance,true,,4,3.7294,1.473,1.473,true,true,true,3.7294,70.866,0.3,236.2,120,0,true,7,false,0,true
S2,false,15,M2_proposed,true,,4,3.9342,5.171,5.171,true,true,true,3.9342,0,0,0,87,0,true,0,true,0,true
S2,false,15,M3_an2025,true,,4,2458.8708,3.79,3.790,true,true,true,3.9342,0,0,0,87,0,true,0,true,0,true
S2,false,16,M1_distance,true,,8,1.4535,0.693,0.693,true,true,true,1.4535,0,0,0,40,0,true,0,true,0,true
S2,false,16,M2_proposed,true,,8,1.4535,1.295,1.295,true,true,true,1.4535,0,0,0,40,0,true,0,true,0,true
S2,false,16,M3_an2025,true,,8,908.45,0.863,0.863,true,true,true,1.4535,0,0,0,40,0,true,0,true,0,true
S2,false,17,M1_distance,true,,8,4.4279,3.046,3.046,true,true,true,4.4279,396.788,0.6,819.7,112,15,false,21,false,0,true
S2,false,17,M2_proposed,true,,5,4.44,5.931,5.931,true,true,true,4.44,0,0,0,112,0,true,0,true,0,true
S2,false,17,M3_an2025,true,,5,2775.0261,4.527,4.527,true,true,true,4.44,0,0,0,112,0,true,0,true,0,true
S2,false,18,M1_distance,true,,8,2.343,1.82,1.820,true,true,true,2.343,32.267,0.3,107.6,62,0,true,5,false,0,true
S2,false,18,M2_proposed,true,,8,2.5997,3.932,3.932,true,true,true,2.5997,0,0,0,73,0,true,0,true,0,true
S2,false,18,M3_an2025,true,,8,1566.4959,2.514,2.514,true,true,true,2.343,32.267,0.3,107.6,62,0,true,5,false,0,true
S2,false,19,M1_distance,true,,8,2.0721,1.549,1.549,true,true,true,2.0721,0,0,0,56,0,true,0,true,0,true
S2,false,19,M2_proposed,true,,8,2.0721,2.429,2.429,true,true,true,2.0721,0,0,0,56,0,true,0,true,0,true
S2,false,19,M3_an2025,true,,8,1295.0529,3.428,3.428,true,true,true,2.0721,0,0,0,56,0,true,0,true,0,true
S2,false,20,M1_distance,true,,7,8.4103,2.482,2.482,true,true,true,8.4103,376.447,0.6,784.5,195,22,false,27,false,0,true
S2,false,20,M2_proposed,true,,7,8.5508,5.833,5.833,true,true,true,8.5508,0,0,0,185,0,true,0,true,0,true
S2,false,20,M3_an2025,true,,7,5344.2388,6.021,6.021,true,true,true,8.5508,0,0,0,185,0,true,0,true,0,true
S2,false,21,M1_distance,true,,7,1.5022,0.766,0.766,true,true,true,1.5022,0,0,0,29,0,true,0,true,0,true
S2,false,21,M2_proposed,true,,7,1.5022,1.494,1.494,true,true,true,1.5022,0,0,0,29,0,true,0,true,0,true
S2,false,21,M3_an2025,true,,7,938.8819,1.2,1.200,true,true,true,1.5022,0,0,0,29,0,true,0,true,0,true
S2,false,22,M1_distance,true,,7,2.2373,1.023,1.023,true,true,true,2.2373,0,0,0,53,0,true,0,true,0,true
S2,false,22,M2_proposed,true,,7,2.2373,2.39,2.390,true,true,true,2.2373,0,0,0,53,0,true,0,true,0,true
S2,false,22,M3_an2025,true,,7,1398.3248,1.445,1.445,true,true,true,2.2373,0,0,0,53,0,true,0,true,0,true
S2,false,23,M1_distance,true,,7,5.7136,2.4,2.400,true,true,true,5.7136,376.447,0.6,784.5,153,22,false,27,false,0,true
S2,false,23,M2_proposed,true,,7,5.8541,6.123,6.123,true,true,true,5.8541,0,0,0,143,0,true,0,true,0,true
S2,false,23,M3_an2025,true,,7,3658.8301,6.373,6.373,true,true,true,5.8541,0,0,0,143,0,true,0,true,0,true
S2,false,24,M1_distance,true,,7,3.7965,1.74,1.740,true,true,true,3.7965,376.447,0.6,784.5,115,22,false,27,false,0,true
S2,false,24,M2_proposed,true,,7,4.4108,7.955,7.955,true,true,true,4.4108,0,0,0,138,0,true,0,true,0,true
S2,false,24,M3_an2025,true,,7,2756.7326,8.346,8.346,true,true,true,4.4108,0,0,0,138,0,true,0,true,0,true
S2,false,25,M1_distance,true,,5,2.019,1.642,1.642,true,true,true,2.019,0,0,0,67,0,true,0,true,0,true
S2,false,25,M2_proposed,true,,5,2.019,3.671,3.671,true,true,true,2.019,0,0,0,67,0,true,0,true,0,true
S2,false,25,M3_an2025,true,,5,1261.8741,5.144,5.144,true,true,true,2.019,0,0,0,67,0,true,0,true,0,true
S2,false,26,M1_distance,true,,5,1.0687,0.442,0.442,true,true,true,1.0687,0,0,0,33,0,true,0,true,0,true
S2,false,26,M2_proposed,true,,5,1.0687,0.664,0.664,true,true,true,1.0687,0,0,0,33,0,true,0,true,0,true
S2,false,26,M3_an2025,true,,5,667.9141,0.541,0.541,true,true,true,1.0687,0,0,0,33,0,true,0,true,0,true
S2,false,27,M1_distance,true,,3,2.187,0.61,0.610,true,true,true,2.187,229.756,0.6,495.3,54,10,false,15,false,0,true
S2,false,27,M2_proposed,true,,5,2.8807,1.581,1.581,true,true,true,2.8807,0,0,0,92,0,true,0,true,0,true
S2,false,27,M3_an2025,true,,3,1756.514,1.296,1.296,true,true,true,2.2093,216.495,0.6,451.1,63,10,false,16,false,0,true
S2,false,28,M1_distance,true,,7,3.3577,2.953,2.953,true,true,true,3.3577,184.804,0.6,393.6,94,11,false,18,false,0,true
S2,false,28,M2_proposed,true,,7,3.6245,8.021,8.021,true,true,true,3.6245,0,0,0,97,0,true,0,true,0,true
S2,false,28,M3_an2025,true,,7,2265.2882,8.546,8.546,true,true,true,3.6245,0,0,0,97,0,true,0,true,0,true
S2,false,29,M1_distance,true,,7,5.5354,2.182,2.182,true,true,true,5.5354,384.29,0.6,797.8,143,17,false,22,false,0,true
S2,false,29,M2_proposed,true,,7,6.0363,5.978,5.978,true,true,true,6.0363,0,0,0,179,0,true,0,true,0,true
S2,false,29,M3_an2025,true,,7,3772.7003,6.014,6.014,true,true,true,6.0363,0,0,0,179,0,true,0,true,0,true
S2,false,30,M1_distance,true,,3,2.6793,1.765,1.765,true,true,true,2.6793,189.864,0.6,384.7,63,9,false,11,false,0,true
S2,false,30,M2_proposed,true,,5,3.5991,6.276,6.276,true,true,true,3.5991,0,0,0,112,0,true,0,true,0,true
S2,false,30,M3_an2025,true,,3,2046.4741,5.047,5.047,true,true,true,2.6793,189.864,0.6,384.7,63,9,false,11,false,0,true
S2,false,31,M1_distance,true,,7,3.5175,1.415,1.415,true,true,true,3.5175,384.29,0.6,797.8,76,17,false,22,false,0,true
S2,false,31,M2_proposed,true,,7,4.0185,5.136,5.136,true,true,true,4.0185,0,0,0,112,0,true,0,true,0,true
S2,false,31,M3_an2025,true,,7,2511.5496,4.118,4.118,true,true,true,4.0185,0,0,0,112,0,true,0,true,0,true
S2,false,32,M1_distance,true,,3,1.5916,0.539,0.539,true,true,true,1.5916,212.402,0.6,430.1,36,9,false,10,false,0,true
S2,false,32,M2_proposed,true,,5,4.5892,5.153,5.153,true,true,true,4.5892,0,0,0,122,0,true,0,true,0,true
S2,false,32,M3_an2025,true,,3,1362.1027,1.99,1.990,true,true,true,1.5916,212.402,0.6,430.1,36,9,false,10,false,0,true
S2,false,33,M1_distance,true,,7,2.2529,0.869,0.869,true,true,true,2.2529,188.364,0.6,393,64,11,false,13,false,0,true
S2,false,33,M2_proposed,true,,7,2.3876,1.845,1.845,true,true,true,2.3876,0,0,0,73,0,true,0,true,0,true
S2,false,33,M3_an2025,true,,7,1492.2335,1.164,1.164,true,true,true,2.3876,0,0,0,73,0,true,0,true,0,true
S2,false,34,M1_distance,true,,7,1.9227,0.654,0.654,true,true,true,1.9227,184.804,0.6,393.6,61,11,false,18,false,0,true
S2,false,34,M2_proposed,true,,7,2.2871,1.714,1.714,true,true,true,2.2871,0,0,0,64,0,true,0,true,0,true
S2,false,34,M3_an2025,true,,7,1429.4643,1.978,1.978,true,true,true,2.2871,0,0,0,64,0,true,0,true,0,true
S2,false,35,M1_distance,true,,7,3.6916,1.036,1.036,true,true,true,3.6916,0,0,0,130,0,true,0,true,0,true
S2,false,35,M2_proposed,true,,7,3.6916,1.755,1.755,true,true,true,3.6916,0,0,0,130,0,true,0,true,0,true
S2,false,35,M3_an2025,true,,7,2307.273,2,2.000,true,true,true,3.6916,0,0,0,130,0,true,0,true,0,true
S2,false,36,M1_distance,true,,7,4.5516,1.985,1.985,true,true,true,4.5516,384.29,0.6,797.8,97,17,false,22,false,0,true
S2,false,36,M2_proposed,true,,7,4.9758,5.608,5.608,true,true,true,4.9758,0,0,0,130,0,true,0,true,0,true
S2,false,36,M3_an2025,true,,7,3109.8486,4.324,4.324,true,true,true,4.9758,0,0,0,130,0,true,0,true,0,true
S2,false,37,M1_distance,true,,7,3.7026,2.306,2.306,true,true,true,3.7026,188.364,0.6,393,105,11,false,13,false,0,true
S2,false,37,M2_proposed,true,,7,3.8372,4.02,4.020,true,true,true,3.8372,0,0,0,114,0,true,0,true,0,true
S2,false,37,M3_an2025,true,,7,2398.2636,2.585,2.585,true,true,true,3.8372,0,0,0,114,0,true,0,true,0,true
S2,false,38,M1_distance,true,,7,4.8669,2.521,2.521,true,true,true,4.8669,184.804,0.6,393.6,156,11,false,18,false,0,true
S2,false,38,M2_proposed,true,,7,5.2587,12.144,12.144,true,true,true,5.2587,0,0,0,160,0,true,0,true,0,true
S2,false,38,M3_an2025,true,,7,3286.7068,11.916,11.916,true,true,true,5.2587,0,0,0,160,0,true,0,true,0,true
S2,false,39,M1_distance,true,,3,3.8945,1.745,1.745,true,true,true,3.8945,212.402,0.6,430.1,101,9,false,10,false,0,true
S2,false,39,M2_proposed,true,,5,6.797,13.382,13.382,true,true,true,6.797,0,0,0,219,0,true,0,true,0,true
S2,false,39,M3_an2025,true,,3,2801.4505,4.694,4.694,true,true,true,3.8945,212.402,0.6,430.1,101,9,false,10,false,0,true
S2,false,40,M1_distance,true,,3,4.2719,2.997,2.997,true,true,true,4.2719,189.864,0.6,384.7,97,9,false,11,false,0,true
S2,false,40,M2_proposed,true,,5,5.3931,9.393,9.393,true,true,true,5.3931,0,0,0,129,0,true,0,true,0,true
S2,false,40,M3_an2025,true,,3,3041.8483,7.423,7.423,true,true,true,4.2719,189.864,0.6,384.7,97,9,false,11,false,0,true
S3,false,1,M1_distance,true,,9,3.5648,0.579,0.579,true,true,true,3.5648,0,0,0,146,0,true,0,true,0,true
S3,false,1,M2_proposed,true,,9,3.5648,1.287,1.287,true,true,true,3.5648,0,0,0,146,0,true,0,true,0,true
S3,false,1,M3_an2025,true,,9,2228.011,0.721,0.721,true,true,true,3.5648,0,0,0,146,0,true,0,true,0,true
S3,false,2,M1_distance,true,,4,4.4419,1.784,1.784,true,true,true,4.4419,0,0,0,137,0,true,0,true,0,true
S3,false,2,M2_proposed,true,,4,4.4419,4.087,4.087,true,true,true,4.4419,0,0,0,137,0,true,0,true,0,true
S3,false,2,M3_an2025,true,,4,2776.1665,5.407,5.407,true,true,true,4.4419,0,0,0,137,0,true,0,true,0,true
S3,false,3,M1_distance,true,,9,2.6507,0.684,0.684,true,true,true,2.6507,0,0,0,96,0,true,0,true,0,true
S3,false,3,M2_proposed,true,,9,2.6507,1.125,1.125,true,true,true,2.6507,0,0,0,96,0,true,0,true,0,true
S3,false,3,M3_an2025,true,,9,1656.6641,0.661,0.661,true,true,true,2.6507,0,0,0,96,0,true,0,true,0,true
S3,false,4,M1_distance,true,,4,4.3464,1.555,1.555,true,true,true,4.3464,0,0,0,137,0,true,0,true,0,true
S3,false,4,M2_proposed,true,,4,4.3464,5.109,5.109,true,true,true,4.3464,0,0,0,137,0,true,0,true,0,true
S3,false,4,M3_an2025,true,,4,2716.4774,6.376,6.376,true,true,true,4.3464,0,0,0,137,0,true,0,true,0,true
S3,false,5,M1_distance,true,,4,4.4419,2.635,2.635,true,true,true,4.4419,0,0,0,161,0,true,0,true,0,true
S3,false,5,M2_proposed,true,,4,4.4419,4.274,4.274,true,true,true,4.4419,0,0,0,161,0,true,0,true,0,true
S3,false,5,M3_an2025,true,,4,2776.1729,3.38,3.380,true,true,true,4.4419,0,0,0,161,0,true,0,true,0,true
S3,false,6,M1_distance,true,,4,0.7045,0.202,0.202,true,true,true,0.7045,0,0,0,21,0,true,0,true,0,true
S3,false,6,M2_proposed,true,,4,0.7045,0.193,0.193,true,true,true,0.7045,0,0,0,21,0,true,0,true,0,true
S3,false,6,M3_an2025,true,,4,440.3096,0.198,0.198,true,true,true,0.7045,0,0,0,21,0,true,0,true,0,true
S3,false,7,M1_distance,true,,8,2.4584,0.804,0.804,true,true,true,2.4584,0,0,0,57,0,true,0,true,0,true
S3,false,7,M2_proposed,true,,8,2.4584,2.408,2.408,true,true,true,2.4584,0,0,0,57,0,true,0,true,0,true
S3,false,7,M3_an2025,true,,8,1536.5146,1.765,1.765,true,true,true,2.4584,0,0,0,57,0,true,0,true,0,true
S3,false,8,M1_distance,true,,4,2.2256,1.369,1.369,true,true,true,2.2256,0,0,0,73,0,true,0,true,0,true
S3,false,8,M2_proposed,true,,4,2.2256,2.288,2.288,true,true,true,2.2256,0,0,0,73,0,true,0,true,0,true
S3,false,8,M3_an2025,true,,4,1391.0177,1.451,1.451,true,true,true,2.2256,0,0,0,73,0,true,0,true,0,true
S3,false,9,M1_distance,true,,8,2.2269,0.785,0.785,true,true,true,2.2269,0,0,0,72,0,true,0,true,0,true
S3,false,9,M2_proposed,true,,8,2.2269,1.83,1.830,true,true,true,2.2269,0,0,0,72,0,true,0,true,0,true
S3,false,9,M3_an2025,true,,8,1391.816,1.86,1.860,true,true,true,2.2269,0,0,0,72,0,true,0,true,0,true
S3,false,10,M1_distance,true,,9,0.7573,0.353,0.353,true,true,true,0.7573,0,0,0,21,0,true,0,true,0,true
S3,false,10,M2_proposed,true,,9,0.7573,0.465,0.465,true,true,true,0.7573,0,0,0,21,0,true,0,true,0,true
S3,false,10,M3_an2025,true,,9,473.2871,0.403,0.403,true,true,true,0.7573,0,0,0,21,0,true,0,true,0,true
S3,false,11,M1_distance,true,,4,5.077,1.567,1.567,true,true,true,5.077,0,0,0,158,0,true,0,true,0,true
S3,false,11,M2_proposed,true,,4,5.077,2.804,2.804,true,true,true,5.077,0,0,0,158,0,true,0,true,0,true
S3,false,11,M3_an2025,true,,4,3173.1187,1.53,1.530,true,true,true,5.077,0,0,0,158,0,true,0,true,0,true
S3,false,12,M1_distance,true,,8,4.8102,1.857,1.857,true,true,true,4.8102,0,0,0,132,0,true,0,true,0,true
S3,false,12,M2_proposed,true,,8,4.8102,5.326,5.326,true,true,true,4.8102,0,0,0,132,0,true,0,true,0,true
S3,false,12,M3_an2025,true,,8,3006.3933,4.059,4.059,true,true,true,4.8102,0,0,0,132,0,true,0,true,0,true
S3,false,13,M1_distance,true,,4,5.3483,1.554,1.554,true,true,true,5.3483,0,0,0,175,0,true,0,true,0,true
S3,false,13,M2_proposed,true,,4,5.3483,4.705,4.705,true,true,true,5.3483,0,0,0,175,0,true,0,true,0,true
S3,false,13,M3_an2025,true,,4,3342.7153,4.604,4.604,true,true,true,5.3483,0,0,0,175,0,true,0,true,0,true
S3,false,14,M1_distance,true,,4,2.2619,1.081,1.081,true,true,true,2.2619,0,0,0,48,0,true,0,true,0,true
S3,false,14,M2_proposed,true,,4,2.2619,1.922,1.922,true,true,true,2.2619,0,0,0,48,0,true,0,true,0,true
S3,false,14,M3_an2025,true,,4,1413.6658,3.53,3.530,true,true,true,2.2619,0,0,0,48,0,true,0,true,0,true
S3,false,15,M1_distance,true,,4,3.7294,2.069,2.069,true,true,true,3.7294,0,0,0,120,0,true,0,true,0,true
S3,false,15,M2_proposed,true,,4,3.7294,4.465,4.465,true,true,true,3.7294,0,0,0,120,0,true,0,true,0,true
S3,false,15,M3_an2025,true,,4,2330.8504,6.381,6.381,true,true,true,3.7294,0,0,0,120,0,true,0,true,0,true
S3,false,16,M1_distance,true,,8,1.4535,0.716,0.716,true,true,true,1.4535,0,0,0,40,0,true,0,true,0,true
S3,false,16,M2_proposed,true,,8,1.4535,1.448,1.448,true,true,true,1.4535,0,0,0,40,0,true,0,true,0,true
S3,false,16,M3_an2025,true,,8,908.45,1.035,1.035,true,true,true,1.4535,0,0,0,40,0,true,0,true,0,true
S3,false,17,M1_distance,true,,8,4.4279,2.278,2.278,true,true,true,4.4279,0,0,0,112,0,true,0,true,0,true
S3,false,17,M2_proposed,true,,8,4.4279,6.954,6.954,true,true,true,4.4279,0,0,0,112,0,true,0,true,0,true
S3,false,17,M3_an2025,true,,8,2767.4293,6.801,6.801,true,true,true,4.4279,0,0,0,112,0,true,0,true,0,true
S3,false,18,M1_distance,true,,8,2.343,2.355,2.355,true,true,true,2.343,0,0,0,62,0,true,0,true,0,true
S3,false,18,M2_proposed,true,,8,2.343,4.359,4.359,true,true,true,2.343,0,0,0,62,0,true,0,true,0,true
S3,false,18,M3_an2025,true,,8,1464.3497,3.308,3.308,true,true,true,2.343,0,0,0,62,0,true,0,true,0,true
S3,false,19,M1_distance,true,,8,2.0721,1.444,1.444,true,true,true,2.0721,0,0,0,56,0,true,0,true,0,true
S3,false,19,M2_proposed,true,,8,2.0721,3.828,3.828,true,true,true,2.0721,0,0,0,56,0,true,0,true,0,true
S3,false,19,M3_an2025,true,,8,1295.0529,2.721,2.721,true,true,true,2.0721,0,0,0,56,0,true,0,true,0,true
S3,false,20,M1_distance,true,,7,8.4103,2.632,2.632,true,true,true,8.4103,235.382,0.6,392.3,195,4,false,4,false,0,true
S3,false,20,M2_proposed,true,,4,10.531,14.229,14.229,true,true,true,10.531,0,0,0,257,0,true,0,true,0,true
S3,false,20,M3_an2025,true,,7,5556.0931,8.072,8.072,true,true,true,8.4103,235.382,0.6,392.3,195,4,false,4,false,0,true
S3,false,21,M1_distance,true,,7,1.5022,0.814,0.814,true,true,true,1.5022,185.854,0.6,309.8,29,8,false,8,false,0,true
S3,false,21,M2_proposed,true,,5,3.6688,12.37,12.370,true,true,true,3.6688,0,0,0,122,0,true,0,true,0,true
S3,false,21,M3_an2025,true,,7,1226.4345,3.454,3.454,true,true,true,1.5022,185.854,0.6,309.8,29,8,false,8,false,0,true
S3,false,22,M1_distance,true,,7,2.2373,1.261,1.261,true,true,true,2.2373,210.662,0.6,351.1,53,10,false,10,false,0,true
S3,false,22,M2_proposed,true,,4,4.7098,14.449,14.449,true,true,true,4.7098,0,0,0,94,0,true,0,true,0,true
S3,false,22,M3_an2025,true,,7,1693.1668,2.841,2.841,true,true,true,2.2373,210.662,0.6,351.1,53,10,false,10,false,0,true
S3,false,23,M1_distance,true,,7,5.7136,3.232,3.232,true,true,true,5.7136,235.382,0.6,392.3,153,4,false,4,false,0,true
S3,false,23,M2_proposed,true,,4,6.9948,10.948,10.948,true,true,true,6.9948,0,0,0,197,0,true,0,true,0,true
S3,false,23,M3_an2025,true,,7,3870.6843,9.935,9.935,true,true,true,5.7136,235.382,0.6,392.3,153,4,false,4,false,0,true
S3,false,24,M1_distance,true,,7,3.7965,1.563,1.563,true,true,true,3.7965,235.382,0.6,392.3,115,4,false,4,false,0,true
S3,false,24,M2_proposed,true,,4,7.2459,11.992,11.992,true,true,true,7.2459,0,0,0,165,0,true,0,true,0,true
S3,false,24,M3_an2025,true,,7,2672.5037,4.756,4.756,true,true,true,3.7965,235.382,0.6,392.3,115,4,false,4,false,0,true
S3,false,25,M1_distance,true,,5,2.019,2.365,2.365,true,true,true,2.019,0,0,0,67,0,true,0,true,0,true
S3,false,25,M2_proposed,true,,5,2.019,3.546,3.546,true,true,true,2.019,0,0,0,67,0,true,0,true,0,true
S3,false,25,M3_an2025,true,,5,1261.8741,2.462,2.462,true,true,true,2.019,0,0,0,67,0,true,0,true,0,true
S3,false,26,M1_distance,true,,5,1.0687,0.293,0.293,true,true,true,1.0687,0,0,0,33,0,true,0,true,0,true
S3,false,26,M2_proposed,true,,5,1.0687,0.467,0.467,true,true,true,1.0687,0,0,0,33,0,true,0,true,0,true
S3,false,26,M3_an2025,true,,5,667.9141,0.419,0.419,true,true,true,1.0687,0,0,0,33,0,true,0,true,0,true
S3,false,27,M1_distance,true,,3,2.187,0.546,0.546,true,true,true,2.187,0,0,0,54,0,true,0,true,0,true
S3,false,27,M2_proposed,true,,3,2.187,1.182,1.182,true,true,true,2.187,0,0,0,54,0,true,0,true,0,true
S3,false,27,M3_an2025,true,,3,1366.8864,1.348,1.348,true,true,true,2.187,0,0,0,54,0,true,0,true,0,true
S3,false,28,M1_distance,true,,7,3.3577,3.313,3.313,true,true,true,3.3577,182.379,0.6,304,94,8,false,8,false,0,true
S3,false,28,M2_proposed,true,,3,3.8719,7.371,7.371,true,true,true,3.8719,0,0,0,101,0,true,0,true,0,true
S3,false,28,M3_an2025,true,,7,2336.1329,7.246,7.246,true,true,true,3.3577,182.379,0.6,304,94,8,false,8,false,0,true
S3,false,29,M1_distance,true,,7,5.5354,2.966,2.966,true,true,true,5.5354,235.382,0.6,392.3,143,4,false,4,false,0,true
S3,false,29,M2_proposed,true,,4,8.6823,22.819,22.819,true,true,true,8.6823,0,0,0,251,0,true,0,true,0,true
S3,false,29,M3_an2025,true,,7,3759.2826,9.5,9.500,true,true,true,5.5354,235.382,0.6,392.3,143,4,false,4,false,0,true
S3,false,30,M1_distance,true,,3,2.6793,1.862,1.862,true,true,true,2.6793,0,0,0,63,0,true,0,true,0,true
S3,false,30,M2_proposed,true,,3,2.6793,4.396,4.396,true,true,true,2.6793,0,0,0,63,0,true,0,true,0,true
S3,false,30,M3_an2025,true,,3,1674.5785,5.216,5.216,true,true,true,2.6793,0,0,0,63,0,true,0,true,0,true
S3,false,31,M1_distance,true,,7,3.5175,1.612,1.612,true,true,true,3.5175,235.382,0.6,392.3,76,4,false,4,false,0,true
S3,false,31,M2_proposed,true,,4,7.7515,17.768,17.768,true,true,true,7.7515,0,0,0,165,0,true,0,true,0,true
S3,false,31,M3_an2025,true,,7,2498.132,4.314,4.314,true,true,true,3.5175,235.382,0.6,392.3,76,4,false,4,false,0,true
S3,false,32,M1_distance,true,,3,1.5916,0.54,0.540,true,true,true,1.5916,0,0,0,36,0,true,0,true,0,true
S3,false,32,M2_proposed,true,,3,1.5916,0.806,0.806,true,true,true,1.5916,0,0,0,36,0,true,0,true,0,true
S3,false,32,M3_an2025,true,,3,994.7242,0.622,0.622,true,true,true,1.5916,0,0,0,36,0,true,0,true,0,true
S3,false,33,M1_distance,true,,7,2.2529,0.707,0.707,true,true,true,2.2529,235.382,0.6,392.3,64,4,false,4,false,0,true
S3,false,33,M2_proposed,true,,4,6.7764,16.829,16.829,true,true,true,6.7764,0,0,0,157,0,true,0,true,0,true
S3,false,33,M3_an2025,true,,7,1707.755,2.279,2.279,true,true,true,2.2529,235.382,0.6,392.3,64,4,false,4,false,0,true
S3,false,34,M1_distance,true,,7,1.9227,0.644,0.644,true,true,true,1.9227,182.379,0.6,304,61,8,false,8,false,0,true
S3,false,34,M2_proposed,true,,5,5.4997,12.264,12.264,true,true,true,5.4997,0,0,0,158,0,true,0,true,0,true
S3,false,34,M3_an2025,true,,7,1439.2235,2.951,2.951,true,true,true,1.9227,182.379,0.6,304,61,8,false,8,false,0,true
S3,false,35,M1_distance,true,,7,3.6916,1.102,1.102,true,true,true,3.6916,175.942,0.6,293.2,130,8,false,8,false,0,true
S3,false,35,M2_proposed,true,,5,7.1902,15.059,15.059,true,true,true,7.1902,0,0,0,223,0,true,0,true,0,true
S3,false,35,M3_an2025,true,,7,2547.9274,2.924,2.924,true,true,true,3.6916,175.942,0.6,293.2,130,8,false,8,false,0,true
S3,false,36,M1_distance,true,,7,4.5516,1.056,1.056,true,true,true,4.5516,235.382,0.6,392.3,97,4,false,4,false,0,true
S3,false,36,M2_proposed,true,,4,8.7856,14.371,14.371,true,true,true,8.7856,0,0,0,186,0,true,0,true,0,true
S3,false,36,M3_an2025,true,,7,3144.4046,4.059,4.059,true,true,true,4.5516,235.382,0.6,392.3,97,4,false,4,false,0,true
S3,false,37,M1_distance,true,,7,3.7026,0.852,0.852,true,true,true,3.7026,235.382,0.6,392.3,105,4,false,4,false,0,true
S3,false,37,M2_proposed,true,,4,8.226,15.213,15.213,true,true,true,8.226,0,0,0,198,0,true,0,true,0,true
S3,false,37,M3_an2025,true,,7,2613.7851,3.917,3.917,true,true,true,3.7026,235.382,0.6,392.3,105,4,false,4,false,0,true
S3,false,38,M1_distance,true,,7,4.8669,2.504,2.504,true,true,true,4.8669,182.379,0.6,304,156,8,false,8,false,0,true
S3,false,38,M2_proposed,true,,5,6.107,11.055,11.055,true,true,true,6.107,0,0,0,187,0,true,0,true,0,true
S3,false,38,M3_an2025,true,,7,3279.3891,10.863,10.863,true,true,true,4.8669,182.379,0.6,304,156,8,false,8,false,0,true
S3,false,39,M1_distance,true,,3,3.8945,1.451,1.451,true,true,true,3.8945,0,0,0,101,0,true,0,true,0,true
S3,false,39,M2_proposed,true,,3,3.8945,3.533,3.533,true,true,true,3.8945,0,0,0,101,0,true,0,true,0,true
S3,false,39,M3_an2025,true,,3,2434.072,2.265,2.265,true,true,true,3.8945,0,0,0,101,0,true,0,true,0,true
S3,false,40,M1_distance,true,,3,4.2719,1.685,1.685,true,true,true,4.2719,0,0,0,97,0,true,0,true,0,true
S3,false,40,M2_proposed,true,,3,4.2719,4.472,4.472,true,true,true,4.2719,0,0,0,97,0,true,0,true,0,true
S3,false,40,M3_an2025,true,,3,2669.9527,6.678,6.678,true,true,true,4.2719,0,0,0,97,0,true,0,true,0,true
S4,false,1,M1_distance,true,,9,3.5648,0.57,0.570,true,true,true,3.5648,0,0,0,146,0,true,0,true,0,true
S4,false,1,M2_proposed,true,,9,3.5648,0.986,0.986,true,true,true,3.5648,0,0,0,146,0,true,0,true,0,true
S4,false,1,M3_an2025,true,,9,2228.011,0.899,0.899,true,true,true,3.5648,0,0,0,146,0,true,0,true,0,true
S4,false,2,M1_distance,true,,4,4.4419,1.701,1.701,true,true,true,4.4419,0,0,0,137,0,true,0,true,0,true
S4,false,2,M2_proposed,true,,4,4.4419,5.317,5.317,true,true,true,4.4419,0,0,0,137,0,true,0,true,0,true
S4,false,2,M3_an2025,true,,4,2776.1665,4.484,4.484,true,true,true,4.4419,0,0,0,137,0,true,0,true,0,true
S4,false,3,M1_distance,true,,9,2.6507,0.669,0.669,false,false,true,2.6507,147.202,0.6,245.3,96,12,false,12,false,0,true
S4,false,3,M2_proposed,false,FLOOD_ISOLATION,,,0.23,0.230,false,false,true,,,,,,,false,,false,,false
S4,false,3,M3_an2025,true,,9,1878.7811,0.986,0.986,false,false,true,2.6507,147.202,0.6,245.3,96,12,false,12,false,0,true
S4,false,4,M1_distance,true,,4,4.3464,1.413,1.413,true,true,true,4.3464,0,0,0,137,0,true,0,true,0,true
S4,false,4,M2_proposed,true,,4,4.3464,3.924,3.924,true,true,true,4.3464,0,0,0,137,0,true,0,true,0,true
S4,false,4,M3_an2025,true,,4,2716.4774,2.606,2.606,true,true,true,4.3464,0,0,0,137,0,true,0,true,0,true
S4,false,5,M1_distance,true,,4,4.4419,2.832,2.832,true,true,true,4.4419,0,0,0,161,0,true,0,true,0,true
S4,false,5,M2_proposed,true,,4,4.4419,5.273,5.273,true,true,true,4.4419,0,0,0,161,0,true,0,true,0,true
S4,false,5,M3_an2025,true,,4,2776.1729,2.767,2.767,true,true,true,4.4419,0,0,0,161,0,true,0,true,0,true
S4,false,6,M1_distance,true,,4,0.7045,0.195,0.195,true,true,true,0.7045,0,0,0,21,0,true,0,true,0,true
S4,false,6,M2_proposed,true,,4,0.7045,0.192,0.192,true,true,true,0.7045,0,0,0,21,0,true,0,true,0,true
S4,false,6,M3_an2025,true,,4,440.3096,0.196,0.196,true,true,true,0.7045,0,0,0,21,0,true,0,true,0,true
S4,false,7,M1_distance,true,,8,2.4584,0.771,0.771,true,true,true,2.4584,0,0,0,57,0,true,0,true,0,true
S4,false,7,M2_proposed,true,,8,2.4584,2.632,2.632,true,true,true,2.4584,0,0,0,57,0,true,0,true,0,true
S4,false,7,M3_an2025,true,,8,1536.5146,1.404,1.404,true,true,true,2.4584,0,0,0,57,0,true,0,true,0,true
S4,false,8,M1_distance,true,,4,2.2256,0.959,0.959,true,true,true,2.2256,0,0,0,73,0,true,0,true,0,true
S4,false,8,M2_proposed,true,,4,2.2256,2.821,2.821,true,true,true,2.2256,0,0,0,73,0,true,0,true,0,true
S4,false,8,M3_an2025,true,,4,1391.0177,1.897,1.897,true,true,true,2.2256,0,0,0,73,0,true,0,true,0,true
S4,false,9,M1_distance,true,,8,2.2269,1.109,1.109,true,true,true,2.2269,0,0,0,72,0,true,0,true,0,true
S4,false,9,M2_proposed,true,,8,2.2269,2.077,2.077,true,true,true,2.2269,0,0,0,72,0,true,0,true,0,true
S4,false,9,M3_an2025,true,,8,1391.816,2.403,2.403,true,true,true,2.2269,0,0,0,72,0,true,0,true,0,true
S4,false,10,M1_distance,true,,9,0.7573,0.222,0.222,false,false,true,0.7573,196.343,0.6,327.2,21,4,false,4,false,0,true
S4,false,10,M2_proposed,false,FLOOD_ISOLATION,,,0.206,0.206,false,false,true,,,,,,,false,,false,,false
S4,false,10,M3_an2025,true,,9,765.9147,0.289,0.289,false,false,true,0.7573,196.343,0.6,327.2,21,4,false,4,false,0,true
S4,false,11,M1_distance,true,,4,5.077,0.962,0.962,true,true,true,5.077,0,0,0,158,0,true,0,true,0,true
S4,false,11,M2_proposed,true,,4,5.077,2.312,2.312,true,true,true,5.077,0,0,0,158,0,true,0,true,0,true
S4,false,11,M3_an2025,true,,4,3173.1187,1.277,1.277,true,true,true,5.077,0,0,0,158,0,true,0,true,0,true
S4,false,12,M1_distance,true,,8,4.8102,1.6,1.600,true,true,true,4.8102,0,0,0,132,0,true,0,true,0,true
S4,false,12,M2_proposed,true,,8,4.8102,4.018,4.018,true,true,true,4.8102,0,0,0,132,0,true,0,true,0,true
S4,false,12,M3_an2025,true,,8,3006.3933,4.368,4.368,true,true,true,4.8102,0,0,0,132,0,true,0,true,0,true
S4,false,13,M1_distance,true,,4,5.3483,1.49,1.490,true,true,true,5.3483,0,0,0,175,0,true,0,true,0,true
S4,false,13,M2_proposed,true,,4,5.3483,3.12,3.120,true,true,true,5.3483,0,0,0,175,0,true,0,true,0,true
S4,false,13,M3_an2025,true,,4,3342.7153,6.299,6.299,true,true,true,5.3483,0,0,0,175,0,true,0,true,0,true
S4,false,14,M1_distance,true,,4,2.2619,1.145,1.145,true,true,true,2.2619,0,0,0,48,0,true,0,true,0,true
S4,false,14,M2_proposed,true,,4,2.2619,2.815,2.815,true,true,true,2.2619,0,0,0,48,0,true,0,true,0,true
S4,false,14,M3_an2025,true,,4,1413.6658,32.311,32.311,true,true,true,2.2619,0,0,0,48,0,true,0,true,0,true
S4,false,15,M1_distance,true,,4,3.7294,3.771,3.771,true,true,true,3.7294,0,0,0,120,0,true,0,true,0,true
S4,false,15,M2_proposed,true,,4,3.7294,6.046,6.046,true,true,true,3.7294,0,0,0,120,0,true,0,true,0,true
S4,false,15,M3_an2025,true,,4,2330.8504,6.709,6.709,true,true,true,3.7294,0,0,0,120,0,true,0,true,0,true
S4,false,16,M1_distance,true,,8,1.4535,0.932,0.932,true,true,true,1.4535,0,0,0,40,0,true,0,true,0,true
S4,false,16,M2_proposed,true,,8,1.4535,2.151,2.151,true,true,true,1.4535,0,0,0,40,0,true,0,true,0,true
S4,false,16,M3_an2025,true,,8,908.45,1.218,1.218,true,true,true,1.4535,0,0,0,40,0,true,0,true,0,true
S4,false,17,M1_distance,true,,8,4.4279,2.423,2.423,false,false,true,4.4279,117.964,0.6,196.6,112,4,false,4,false,0,true
S4,false,17,M2_proposed,false,FLOOD_ISOLATION,,,0.287,0.287,false,false,true,,,,,,,false,,false,,false
S4,false,17,M3_an2025,true,,8,2927.5443,9.276,9.276,false,false,true,4.4279,117.964,0.6,196.6,112,4,false,4,false,0,true
S4,false,18,M1_distance,true,,8,2.343,2.035,2.035,true,true,true,2.343,0,0,0,62,0,true,0,true,0,true
S4,false,18,M2_proposed,true,,8,2.343,4.647,4.647,true,true,true,2.343,0,0,0,62,0,true,0,true,0,true
S4,false,18,M3_an2025,true,,8,1464.3497,3.91,3.910,true,true,true,2.343,0,0,0,62,0,true,0,true,0,true
S4,false,19,M1_distance,true,,8,2.0721,1.212,1.212,true,true,true,2.0721,0,0,0,56,0,true,0,true,0,true
S4,false,19,M2_proposed,true,,8,2.0721,3.499,3.499,true,true,true,2.0721,0,0,0,56,0,true,0,true,0,true
S4,false,19,M3_an2025,true,,8,1295.0529,4.471,4.471,true,true,true,2.0721,0,0,0,56,0,true,0,true,0,true
S4,false,20,M1_distance,true,,7,8.4103,2.563,2.563,true,true,true,8.4103,198.23,0.6,330.4,195,6,false,6,false,0,true
S4,false,20,M2_proposed,true,,7,9.6348,8.752,8.752,true,true,true,9.6348,0,0,0,272,0,true,0,true,0,true
S4,false,20,M3_an2025,true,,7,5555.8988,10.075,10.075,true,true,true,8.4103,198.23,0.6,330.4,195,6,false,6,false,0,true
S4,false,21,M1_distance,true,,7,1.5022,0.866,0.866,true,true,true,1.5022,0,0,0,29,0,true,0,true,0,true
S4,false,21,M2_proposed,true,,7,1.5022,2.126,2.126,true,true,true,1.5022,0,0,0,29,0,true,0,true,0,true
S4,false,21,M3_an2025,true,,7,938.8819,2.225,2.225,true,true,true,1.5022,0,0,0,29,0,true,0,true,0,true
S4,false,22,M1_distance,true,,7,2.2373,1.227,1.227,true,true,true,2.2373,0,0,0,53,0,true,0,true,0,true
S4,false,22,M2_proposed,true,,7,2.2373,2.473,2.473,true,true,true,2.2373,0,0,0,53,0,true,0,true,0,true
S4,false,22,M3_an2025,true,,7,1398.3248,2.366,2.366,true,true,true,2.2373,0,0,0,53,0,true,0,true,0,true
S4,false,23,M1_distance,true,,7,5.7136,3.753,3.753,false,false,true,5.7136,229.741,0.6,382.9,153,12,false,12,false,0,true
S4,false,23,M2_proposed,false,FLOOD_ISOLATION,,,0.217,0.217,false,false,true,,,,,,,false,,false,,false
S4,false,23,M3_an2025,true,,7,3897.039,7.153,7.153,false,false,true,5.7221,237.249,0.6,395.4,164,14,false,14,false,0,true
S4,false,24,M1_distance,true,,7,3.7965,1.479,1.479,true,true,true,3.7965,0,0,0,115,0,true,0,true,0,true
S4,false,24,M2_proposed,true,,7,3.7965,5.631,5.631,true,true,true,3.7965,0,0,0,115,0,true,0,true,0,true
S4,false,24,M3_an2025,true,,7,2372.8269,31.599,31.599,true,true,true,3.7965,0,0,0,115,0,true,0,true,0,true
S4,false,25,M1_distance,true,,5,2.019,2.237,2.237,true,true,true,2.019,0,0,0,67,0,true,0,true,0,true
S4,false,25,M2_proposed,true,,5,2.019,5.774,5.774,true,true,true,2.019,0,0,0,67,0,true,0,true,0,true
S4,false,25,M3_an2025,true,,5,1261.8741,5.671,5.671,true,true,true,2.019,0,0,0,67,0,true,0,true,0,true
S4,false,26,M1_distance,true,,5,1.0687,0.554,0.554,true,true,true,1.0687,0,0,0,33,0,true,0,true,0,true
S4,false,26,M2_proposed,true,,5,1.0687,0.903,0.903,true,true,true,1.0687,0,0,0,33,0,true,0,true,0,true
S4,false,26,M3_an2025,true,,5,667.9141,0.578,0.578,true,true,true,1.0687,0,0,0,33,0,true,0,true,0,true
S4,false,27,M1_distance,true,,3,2.187,0.829,0.829,true,true,true,2.187,0,0,0,54,0,true,0,true,0,true
S4,false,27,M2_proposed,true,,3,2.187,3.209,3.209,true,true,true,2.187,0,0,0,54,0,true,0,true,0,true
S4,false,27,M3_an2025,true,,3,1366.8864,1.446,1.446,true,true,true,2.187,0,0,0,54,0,true,0,true,0,true
S4,false,28,M1_distance,true,,7,3.3577,3.43,3.430,true,true,true,3.3577,0,0,0,94,0,true,0,true,0,true
S4,false,28,M2_proposed,true,,7,3.3577,11.236,11.236,true,true,true,3.3577,0,0,0,94,0,true,0,true,0,true
S4,false,28,M3_an2025,true,,7,2098.5702,7.615,7.615,true,true,true,3.3577,0,0,0,94,0,true,0,true,0,true
S4,false,29,M1_distance,true,,7,5.5354,2.95,2.950,true,true,true,5.5354,0,0,0,143,0,true,0,true,0,true
S4,false,29,M2_proposed,true,,7,5.5354,6.777,6.777,true,true,true,5.5354,0,0,0,143,0,true,0,true,0,true
S4,false,29,M3_an2025,true,,7,3459.6058,7.025,7.025,true,true,true,5.5354,0,0,0,143,0,true,0,true,0,true
S4,false,30,M1_distance,true,,3,2.6793,2.244,2.244,false,false,true,2.6793,130.563,0.6,217.6,63,12,false,12,false,0,true
S4,false,30,M2_proposed,false,FLOOD_ISOLATION,,,0.339,0.339,false,false,true,,,,,,,false,,false,,false
S4,false,30,M3_an2025,true,,3,1849.426,4.872,4.872,false,false,true,2.6793,130.563,0.6,217.6,63,12,false,12,false,0,true
S4,false,31,M1_distance,true,,7,3.5175,1.536,1.536,true,true,true,3.5175,0,0,0,76,0,true,0,true,0,true
S4,false,31,M2_proposed,true,,7,3.5175,4.281,4.281,true,true,true,3.5175,0,0,0,76,0,true,0,true,0,true
S4,false,31,M3_an2025,true,,7,2198.4552,5.329,5.329,true,true,true,3.5175,0,0,0,76,0,true,0,true,0,true
S4,false,32,M1_distance,true,,3,1.5916,0.53,0.530,true,true,true,1.5916,0,0,0,36,0,true,0,true,0,true
S4,false,32,M2_proposed,true,,3,1.5916,0.985,0.985,true,true,true,1.5916,0,0,0,36,0,true,0,true,0,true
S4,false,32,M3_an2025,true,,3,994.7242,1.009,1.009,true,true,true,1.5916,0,0,0,36,0,true,0,true,0,true
S4,false,33,M1_distance,true,,7,2.2529,0.912,0.912,true,true,true,2.2529,0,0,0,64,0,true,0,true,0,true
S4,false,33,M2_proposed,true,,7,2.2529,1.887,1.887,true,true,true,2.2529,0,0,0,64,0,true,0,true,0,true
S4,false,33,M3_an2025,true,,7,1408.0782,1.778,1.778,true,true,true,2.2529,0,0,0,64,0,true,0,true,0,true
S4,false,34,M1_distance,true,,7,1.9227,0.781,0.781,true,true,true,1.9227,0,0,0,61,0,true,0,true,0,true
S4,false,34,M2_proposed,true,,7,1.9227,2.804,2.804,true,true,true,1.9227,0,0,0,61,0,true,0,true,0,true
S4,false,34,M3_an2025,true,,7,1201.6608,30.047,30.047,true,true,true,1.9227,0,0,0,61,0,true,0,true,0,true
S4,false,35,M1_distance,true,,7,3.6916,1.921,1.921,true,true,true,3.6916,0,0,0,130,0,true,0,true,0,true
S4,false,35,M2_proposed,true,,7,3.6916,3.308,3.308,true,true,true,3.6916,0,0,0,130,0,true,0,true,0,true
S4,false,35,M3_an2025,true,,7,2307.273,2.205,2.205,true,true,true,3.6916,0,0,0,130,0,true,0,true,0,true
S4,false,36,M1_distance,true,,7,4.5516,1.381,1.381,true,true,true,4.5516,0,0,0,97,0,true,0,true,0,true
S4,false,36,M2_proposed,true,,7,4.5516,2.785,2.785,true,true,true,4.5516,0,0,0,97,0,true,0,true,0,true
S4,false,36,M3_an2025,true,,7,2844.7278,3.274,3.274,true,true,true,4.5516,0,0,0,97,0,true,0,true,0,true
S4,false,37,M1_distance,true,,7,3.7026,1.018,1.018,false,false,true,3.7026,138.055,0.6,230.1,105,9,false,9,false,0,true
S4,false,37,M2_proposed,false,FLOOD_ISOLATION,,,0.191,0.191,false,false,true,,,,,,,false,,false,,false
S4,false,37,M3_an2025,true,,7,2537.4946,2.832,2.832,false,false,true,3.7026,138.055,0.6,230.1,105,9,false,9,false,0,true
S4,false,38,M1_distance,true,,7,4.8669,2.832,2.832,true,true,true,4.8669,0,0,0,156,0,true,0,true,0,true
S4,false,38,M2_proposed,true,,7,4.8669,8.043,8.043,true,true,true,4.8669,0,0,0,156,0,true,0,true,0,true
S4,false,38,M3_an2025,true,,7,3041.8264,5.321,5.321,true,true,true,4.8669,0,0,0,156,0,true,0,true,0,true
S4,false,39,M1_distance,true,,3,3.8945,0.899,0.899,true,true,true,3.8945,0,0,0,101,0,true,0,true,0,true
S4,false,39,M2_proposed,true,,3,3.8945,2.737,2.737,true,true,true,3.8945,0,0,0,101,0,true,0,true,0,true
S4,false,39,M3_an2025,true,,3,2434.072,1.52,1.520,true,true,true,3.8945,0,0,0,101,0,true,0,true,0,true
S4,false,40,M1_distance,true,,3,4.2719,1.479,1.479,true,true,true,4.2719,0,0,0,97,0,true,0,true,0,true
S4,false,40,M2_proposed,true,,3,4.2719,2.429,2.429,true,true,true,4.2719,0,0,0,97,0,true,0,true,0,true
S4,false,40,M3_an2025,true,,3,2669.9527,1.987,1.987,true,true,true,4.2719,0,0,0,97,0,true,0,true,0,true
S2b,true,1,M1_distance,true,,9,3.5648,0.545,0.545,true,true,true,3.5648,0,0,0,146,0,true,0,true,0,true
S2b,true,1,M2_proposed,true,,9,3.5648,0.859,0.859,true,true,true,3.5648,0,0,0,146,0,true,0,true,0,true
S2b,true,1,M3_an2025,true,,9,2228.011,0.877,0.877,true,true,true,3.5648,0,0,0,146,0,true,0,true,0,true
S2b,true,2,M1_distance,true,,4,4.4419,2.156,2.156,true,true,true,4.4419,0,0,0,137,0,true,0,true,0,true
S2b,true,2,M2_proposed,true,,4,4.4419,3.731,3.731,true,true,true,4.4419,0,0,0,137,0,true,0,true,0,true
S2b,true,2,M3_an2025,true,,4,2776.1665,2.4,2.400,true,true,true,4.4419,0,0,0,137,0,true,0,true,0,true
S2b,true,3,M1_distance,true,,9,2.6507,0.49,0.490,true,true,true,2.6507,0,0,0,96,0,true,0,true,0,true
S2b,true,3,M2_proposed,true,,9,2.6507,0.864,0.864,true,true,true,2.6507,0,0,0,96,0,true,0,true,0,true
S2b,true,3,M3_an2025,true,,9,1656.6641,0.64,0.640,true,true,true,2.6507,0,0,0,96,0,true,0,true,0,true
S2b,true,4,M1_distance,true,,4,4.3464,0.96,0.960,true,true,true,4.3464,0,0,0,137,0,true,0,true,0,true
S2b,true,4,M2_proposed,true,,4,4.3464,3.361,3.361,true,true,true,4.3464,0,0,0,137,0,true,0,true,0,true
S2b,true,4,M3_an2025,true,,4,2716.4774,25.886,25.886,true,true,true,4.3464,0,0,0,137,0,true,0,true,0,true
S2b,true,5,M1_distance,true,,4,4.4419,2.618,2.618,true,true,true,4.4419,291.052,0.9,488.7,161,9,false,19,false,9,false
S2b,true,5,M2_proposed,true,,4,4.8013,4.871,4.871,true,true,true,4.8013,0,0,0,165,0,true,0,true,0,true
S2b,true,5,M3_an2025,true,,4,3000.7968,2.615,2.615,true,true,true,4.8013,0,0,0,165,0,true,0,true,0,true
S2b,true,6,M1_distance,true,,4,0.7045,0.204,0.204,true,true,true,0.7045,0,0,0,21,0,true,0,true,0,true
S2b,true,6,M2_proposed,true,,4,0.7045,0.201,0.201,true,true,true,0.7045,0,0,0,21,0,true,0,true,0,true
S2b,true,6,M3_an2025,true,,4,440.3096,0.189,0.189,true,true,true,0.7045,0,0,0,21,0,true,0,true,0,true
S2b,true,7,M1_distance,true,,8,2.4584,0.78,0.780,true,true,true,2.4584,560.75,0.9,838.2,57,14,false,19,false,14,false
S2b,true,7,M2_proposed,true,,8,2.9041,2.133,2.133,true,true,true,2.9041,0,0,0,100,0,true,0,true,0,true
S2b,true,7,M3_an2025,true,,8,1815.06,2.704,2.704,true,true,true,2.9041,0,0,0,100,0,true,0,true,0,true
S2b,true,8,M1_distance,true,,4,2.2256,1.023,1.023,true,true,true,2.2256,266.437,0.9,406.6,73,9,false,15,false,9,false
S2b,true,8,M2_proposed,true,,4,3.2259,4.127,4.127,true,true,true,3.2259,0,0,0,82,0,true,0,true,0,true
S2b,true,8,M3_an2025,true,,4,1794.4397,2.144,2.144,true,true,true,2.5061,70.866,0.3,236.2,77,0,true,7,false,0,true
S2b,true,9,M1_distance,true,,8,2.2269,0.892,0.892,true,true,true,2.2269,0,0,0,72,0,true,0,true,0,true
S2b,true,9,M2_proposed,true,,8,2.2269,2.445,2.445,true,true,true,2.2269,0,0,0,72,0,true,0,true,0,true
S2b,true,9,M3_an2025,true,,8,1391.816,1.687,1.687,true,true,true,2.2269,0,0,0,72,0,true,0,true,0,true
S2b,true,10,M1_distance,true,,9,0.7573,0.236,0.236,true,true,true,0.7573,0,0,0,21,0,true,0,true,0,true
S2b,true,10,M2_proposed,true,,9,0.7573,0.32,0.320,true,true,true,0.7573,0,0,0,21,0,true,0,true,0,true
S2b,true,10,M3_an2025,true,,9,473.2871,0.237,0.237,true,true,true,0.7573,0,0,0,21,0,true,0,true,0,true
S2b,true,11,M1_distance,true,,4,5.077,1.004,1.004,true,true,true,5.077,266.437,0.9,406.6,158,9,false,15,false,9,false
S2b,true,11,M2_proposed,true,,4,6.0772,3.93,3.930,true,true,true,6.0772,0,0,0,167,0,true,0,true,0,true
S2b,true,11,M3_an2025,true,,4,3576.5406,5.423,5.423,true,true,true,5.3575,70.866,0.3,236.2,162,0,true,7,false,0,true
S2b,true,12,M1_distance,true,,8,4.8102,2.95,2.950,true,true,true,4.8102,547.657,0.9,819.7,132,15,false,21,false,15,false
S2b,true,12,M2_proposed,true,,8,5.6942,9.401,9.401,true,true,true,5.6942,0,0,0,177,0,true,0,true,0,true
S2b,true,12,M3_an2025,true,,8,3487.7912,7.194,7.194,true,true,true,5.417,32.267,0.3,107.6,167,0,true,5,false,0,true
S2b,true,13,M1_distance,true,,4,5.3483,2.849,2.849,true,true,true,5.3483,70.866,0.3,236.2,175,0,true,7,false,0,true
S2b,true,13,M2_proposed,true,,4,5.5532,4.707,4.707,true,true,true,5.5532,0,0,0,142,0,true,0,true,0,true
S2b,true,13,M3_an2025,true,,4,3470.7357,6.686,6.686,true,true,true,5.5532,0,0,0,142,0,true,0,true,0,true
S2b,true,14,M1_distance,true,,4,2.2619,0.899,0.899,true,true,true,2.2619,0,0,0,48,0,true,0,true,0,true
S2b,true,14,M2_proposed,true,,4,2.2619,1.789,1.789,true,true,true,2.2619,0,0,0,48,0,true,0,true,0,true
S2b,true,14,M3_an2025,true,,4,1413.6658,22.469,22.469,true,true,true,2.2619,0,0,0,48,0,true,0,true,0,true
S2b,true,15,M1_distance,true,,4,3.7294,2.729,2.729,true,true,true,3.7294,70.866,0.3,236.2,120,0,true,7,false,0,true
S2b,true,15,M2_proposed,true,,4,3.9342,5.594,5.594,true,true,true,3.9342,0,0,0,87,0,true,0,true,0,true
S2b,true,15,M3_an2025,true,,4,2458.8708,3.208,3.208,true,true,true,3.9342,0,0,0,87,0,true,0,true,0,true
S2b,true,16,M1_distance,true,,8,1.4535,0.572,0.572,true,true,true,1.4535,0,0,0,40,0,true,0,true,0,true
S2b,true,16,M2_proposed,true,,8,1.4535,1.087,1.087,true,true,true,1.4535,0,0,0,40,0,true,0,true,0,true
S2b,true,16,M3_an2025,true,,8,908.45,0.702,0.702,true,true,true,1.4535,0,0,0,40,0,true,0,true,0,true
S2b,true,17,M1_distance,true,,8,4.4279,2.933,2.933,true,true,true,4.4279,547.657,0.9,819.7,112,15,false,21,false,15,false
S2b,true,17,M2_proposed,true,,5,4.44,4.789,4.789,true,true,true,4.44,0,0,0,112,0,true,0,true,0,true
S2b,true,17,M3_an2025,true,,5,2775.0261,3.643,3.643,true,true,true,4.44,0,0,0,112,0,true,0,true,0,true
S2b,true,18,M1_distance,true,,8,2.343,0.767,0.767,true,true,true,2.343,32.267,0.3,107.6,62,0,true,5,false,0,true
S2b,true,18,M2_proposed,true,,8,2.5997,3.191,3.191,true,true,true,2.5997,0,0,0,73,0,true,0,true,0,true
S2b,true,18,M3_an2025,true,,8,1566.4959,2.484,2.484,true,true,true,2.343,32.267,0.3,107.6,62,0,true,5,false,0,true
S2b,true,19,M1_distance,true,,8,2.0721,0.89,0.890,true,true,true,2.0721,0,0,0,56,0,true,0,true,0,true
S2b,true,19,M2_proposed,true,,8,2.0721,1.895,1.895,true,true,true,2.0721,0,0,0,56,0,true,0,true,0,true
S2b,true,19,M3_an2025,true,,8,1295.0529,1.157,1.157,true,true,true,2.0721,0,0,0,56,0,true,0,true,0,true
S2b,true,20,M1_distance,true,,7,8.4103,1.853,1.853,true,true,true,8.4103,517.537,0.9,784.5,195,22,false,27,false,22,false
S2b,true,20,M2_proposed,true,,7,8.5508,5.974,5.974,true,true,true,8.5508,0,0,0,185,0,true,0,true,0,true
S2b,true,20,M3_an2025,true,,7,5344.2388,4.049,4.049,true,true,true,8.5508,0,0,0,185,0,true,0,true,0,true
S2b,true,21,M1_distance,true,,7,1.5022,0.565,0.565,true,true,true,1.5022,0,0,0,29,0,true,0,true,0,true
S2b,true,21,M2_proposed,true,,7,1.5022,1.089,1.089,true,true,true,1.5022,0,0,0,29,0,true,0,true,0,true
S2b,true,21,M3_an2025,true,,7,938.8819,0.823,0.823,true,true,true,1.5022,0,0,0,29,0,true,0,true,0,true
S2b,true,22,M1_distance,true,,7,2.2373,0.801,0.801,true,true,true,2.2373,0,0,0,53,0,true,0,true,0,true
S2b,true,22,M2_proposed,true,,7,2.2373,1.663,1.663,true,true,true,2.2373,0,0,0,53,0,true,0,true,0,true
S2b,true,22,M3_an2025,true,,7,1398.3248,0.877,0.877,true,true,true,2.2373,0,0,0,53,0,true,0,true,0,true
S2b,true,23,M1_distance,true,,7,5.7136,2.076,2.076,true,true,true,5.7136,517.537,0.9,784.5,153,22,false,27,false,22,false
S2b,true,23,M2_proposed,true,,7,5.8541,4.376,4.376,true,true,true,5.8541,0,0,0,143,0,true,0,true,0,true
S2b,true,23,M3_an2025,true,,7,3658.8301,32.142,32.142,true,true,true,5.8541,0,0,0,143,0,true,0,true,0,true
S2b,true,24,M1_distance,true,,7,3.7965,1.208,1.208,true,true,true,3.7965,517.537,0.9,784.5,115,22,false,27,false,22,false
S2b,true,24,M2_proposed,true,,7,4.4108,5.039,5.039,true,true,true,4.4108,0,0,0,138,0,true,0,true,0,true
S2b,true,24,M3_an2025,true,,7,2756.7326,3.626,3.626,true,true,true,4.4108,0,0,0,138,0,true,0,true,0,true
S2b,true,25,M1_distance,true,,5,2.019,1.17,1.170,true,true,true,2.019,0,0,0,67,0,true,0,true,0,true
S2b,true,25,M2_proposed,true,,5,2.019,2.576,2.576,true,true,true,2.019,0,0,0,67,0,true,0,true,0,true
S2b,true,25,M3_an2025,true,,5,1261.8741,3.526,3.526,true,true,true,2.019,0,0,0,67,0,true,0,true,0,true
S2b,true,26,M1_distance,true,,5,1.0687,0.286,0.286,true,true,true,1.0687,0,0,0,33,0,true,0,true,0,true
S2b,true,26,M2_proposed,true,,5,1.0687,0.438,0.438,true,true,true,1.0687,0,0,0,33,0,true,0,true,0,true
S2b,true,26,M3_an2025,true,,5,667.9141,0.375,0.375,true,true,true,1.0687,0,0,0,33,0,true,0,true,0,true
S2b,true,27,M1_distance,true,,3,2.187,0.465,0.465,true,true,true,2.187,310.916,0.9,495.3,54,10,false,15,false,10,false
S2b,true,27,M2_proposed,true,,5,2.8807,1.177,1.177,true,true,true,2.8807,0,0,0,92,0,true,0,true,0,true
S2b,true,27,M3_an2025,true,,5,1800.4065,0.822,0.822,true,true,true,2.8807,0,0,0,92,0,true,0,true,0,true
S2b,true,28,M1_distance,true,,7,3.3577,1.975,1.975,true,true,true,3.3577,251.523,0.9,393.6,94,11,false,18,false,11,false
S2b,true,28,M2_proposed,true,,7,3.6245,6.958,6.958,true,true,true,3.6245,0,0,0,97,0,true,0,true,0,true
S2b,true,28,M3_an2025,true,,7,2265.2882,5.058,5.058,true,true,true,3.6245,0,0,0,97,0,true,0,true,0,true
S2b,true,29,M1_distance,true,,7,5.5354,1.681,1.681,true,true,true,5.5354,529.249,0.9,797.8,143,17,false,22,false,17,false
S2b,true,29,M2_proposed,true,,7,6.0363,7.011,7.011,true,true,true,6.0363,0,0,0,179,0,true,0,true,0,true
S2b,true,29,M3_an2025,true,,7,3772.7003,6.068,6.068,true,true,true,6.0363,0,0,0,179,0,true,0,true,0,true
S2b,true,30,M1_distance,true,,3,2.6793,2.044,2.044,true,true,true,2.6793,264.306,0.9,384.7,63,9,false,11,false,9,false
S2b,true,30,M2_proposed,true,,5,3.5991,6.003,6.003,true,true,true,3.5991,0,0,0,112,0,true,0,true,0,true
S2b,true,30,M3_an2025,true,,5,2249.4295,7.594,7.594,true,true,true,3.5991,0,0,0,112,0,true,0,true,0,true
S2b,true,31,M1_distance,true,,7,3.5175,1.421,1.421,true,true,true,3.5175,529.249,0.9,797.8,76,17,false,22,false,17,false
S2b,true,31,M2_proposed,true,,7,4.0185,3.753,3.753,true,true,true,4.0185,0,0,0,112,0,true,0,true,0,true
S2b,true,31,M3_an2025,true,,7,2511.5496,5.218,5.218,true,true,true,4.0185,0,0,0,112,0,true,0,true,0,true
S2b,true,32,M1_distance,true,,3,1.5916,0.483,0.483,true,true,true,1.5916,295.76,0.9,430.1,36,9,false,10,false,9,false
S2b,true,32,M2_proposed,true,,5,4.5892,5.067,5.067,true,true,true,4.5892,0,0,0,122,0,true,0,true,0,true
S2b,true,32,M3_an2025,true,,5,2868.2637,6.754,6.754,true,true,true,4.5892,0,0,0,122,0,true,0,true,0,true
S2b,true,33,M1_distance,true,,7,2.2529,0.834,0.834,true,true,true,2.2529,258.816,0.9,393,64,11,false,13,false,11,false
S2b,true,33,M2_proposed,true,,7,2.3876,1.788,1.788,true,true,true,2.3876,0,0,0,73,0,true,0,true,0,true
S2b,true,33,M3_an2025,true,,7,1492.2335,0.918,0.918,true,true,true,2.3876,0,0,0,73,0,true,0,true,0,true
S2b,true,34,M1_distance,true,,7,1.9227,0.523,0.523,true,true,true,1.9227,251.523,0.9,393.6,61,11,false,18,false,11,false
S2b,true,34,M2_proposed,true,,7,2.2871,1.439,1.439,true,true,true,2.2871,0,0,0,64,0,true,0,true,0,true
S2b,true,34,M3_an2025,true,,7,1429.4643,1.044,1.044,true,true,true,2.2871,0,0,0,64,0,true,0,true,0,true
S2b,true,35,M1_distance,true,,7,3.6916,0.536,0.536,true,true,true,3.6916,0,0,0,130,0,true,0,true,0,true
S2b,true,35,M2_proposed,true,,7,3.6916,1.581,1.581,true,true,true,3.6916,0,0,0,130,0,true,0,true,0,true
S2b,true,35,M3_an2025,true,,7,2307.273,1.715,1.715,true,true,true,3.6916,0,0,0,130,0,true,0,true,0,true
S2b,true,36,M1_distance,true,,7,4.5516,0.974,0.974,true,true,true,4.5516,529.249,0.9,797.8,97,17,false,22,false,17,false
S2b,true,36,M2_proposed,true,,7,4.9758,2.291,2.291,true,true,true,4.9758,0,0,0,130,0,true,0,true,0,true
S2b,true,36,M3_an2025,true,,7,3109.8486,1.644,1.644,true,true,true,4.9758,0,0,0,130,0,true,0,true,0,true
S2b,true,37,M1_distance,true,,7,3.7026,0.511,0.511,true,true,true,3.7026,258.816,0.9,393,105,11,false,13,false,11,false
S2b,true,37,M2_proposed,true,,7,3.8372,1.392,1.392,true,true,true,3.8372,0,0,0,114,0,true,0,true,0,true
S2b,true,37,M3_an2025,true,,7,2398.2636,1.092,1.092,true,true,true,3.8372,0,0,0,114,0,true,0,true,0,true
S2b,true,38,M1_distance,true,,7,4.8669,2.499,2.499,true,true,true,4.8669,251.523,0.9,393.6,156,11,false,18,false,11,false
S2b,true,38,M2_proposed,true,,7,5.2587,5.546,5.546,true,true,true,5.2587,0,0,0,160,0,true,0,true,0,true
S2b,true,38,M3_an2025,true,,7,3286.7068,7.559,7.559,true,true,true,5.2587,0,0,0,160,0,true,0,true,0,true
S2b,true,39,M1_distance,true,,3,3.8945,0.852,0.852,true,true,true,3.8945,295.76,0.9,430.1,101,9,false,10,false,9,false
S2b,true,39,M2_proposed,true,,5,6.797,5.436,5.436,true,true,true,6.797,0,0,0,219,0,true,0,true,0,true
S2b,true,39,M3_an2025,true,,5,4248.1536,6.634,6.634,true,true,true,6.797,0,0,0,219,0,true,0,true,0,true
S2b,true,40,M1_distance,true,,3,4.2719,1.468,1.468,true,true,true,4.2719,264.306,0.9,384.7,97,9,false,11,false,9,false
S2b,true,40,M2_proposed,true,,5,5.3931,24.246,24.246,true,true,true,5.3931,0,0,0,129,0,true,0,true,0,true
S2b,true,40,M3_an2025,true,,5,3370.7076,6.59,6.590,true,true,true,5.3931,0,0,0,129,0,true,0,true,0,true
S4b,true,1,M1_distance,true,,9,3.5648,0.506,0.506,true,true,true,3.5648,0,0,0,146,0,true,0,true,0,true
S4b,true,1,M2_proposed,true,,9,3.5648,0.842,0.842,true,true,true,3.5648,0,0,0,146,0,true,0,true,0,true
S4b,true,1,M3_an2025,true,,9,2228.011,0.589,0.589,true,true,true,3.5648,0,0,0,146,0,true,0,true,0,true
S4b,true,2,M1_distance,true,,4,4.4419,1.352,1.352,true,true,true,4.4419,0,0,0,137,0,true,0,true,0,true
S4b,true,2,M2_proposed,true,,4,4.4419,2.892,2.892,true,true,true,4.4419,0,0,0,137,0,true,0,true,0,true
S4b,true,2,M3_an2025,true,,4,2776.1665,3.052,3.052,true,true,true,4.4419,0,0,0,137,0,true,0,true,0,true
S4b,true,3,M1_distance,true,,9,2.6507,0.42,0.420,false,false,false,2.6507,220.803,0.9,245.3,96,12,false,12,false,12,false
S4b,true,3,M2_proposed,false,FLOOD_ISOLATION,,,0.175,0.175,false,false,false,,,,,,,false,,false,,false
S4b,true,3,M3_an2025,false,FLOOD_ISOLATION,,,0.167,0.167,false,false,false,,,,,,,false,,false,,false
S4b,true,4,M1_distance,true,,4,4.3464,0.922,0.922,true,true,true,4.3464,0,0,0,137,0,true,0,true,0,true
S4b,true,4,M2_proposed,true,,4,4.3464,2.034,2.034,true,true,true,4.3464,0,0,0,137,0,true,0,true,0,true
S4b,true,4,M3_an2025,true,,4,2716.4774,1.486,1.486,true,true,true,4.3464,0,0,0,137,0,true,0,true,0,true
S4b,true,5,M1_distance,true,,4,4.4419,0.82,0.820,true,true,true,4.4419,0,0,0,161,0,true,0,true,0,true
S4b,true,5,M2_proposed,true,,4,4.4419,1.704,1.704,true,true,true,4.4419,0,0,0,161,0,true,0,true,0,true
S4b,true,5,M3_an2025,true,,4,2776.1729,3.643,3.643,true,true,true,4.4419,0,0,0,161,0,true,0,true,0,true
S4b,true,6,M1_distance,true,,4,0.7045,0.162,0.162,true,true,true,0.7045,0,0,0,21,0,true,0,true,0,true
S4b,true,6,M2_proposed,true,,4,0.7045,0.183,0.183,true,true,true,0.7045,0,0,0,21,0,true,0,true,0,true
S4b,true,6,M3_an2025,true,,4,440.3096,0.178,0.178,true,true,true,0.7045,0,0,0,21,0,true,0,true,0,true
S4b,true,7,M1_distance,true,,8,2.4584,0.789,0.789,true,true,true,2.4584,0,0,0,57,0,true,0,true,0,true
S4b,true,7,M2_proposed,true,,8,2.4584,1.603,1.603,true,true,true,2.4584,0,0,0,57,0,true,0,true,0,true
S4b,true,7,M3_an2025,true,,8,1536.5146,0.888,0.888,true,true,true,2.4584,0,0,0,57,0,true,0,true,0,true
S4b,true,8,M1_distance,true,,4,2.2256,0.757,0.757,true,true,true,2.2256,0,0,0,73,0,true,0,true,0,true
S4b,true,8,M2_proposed,true,,4,2.2256,1.64,1.640,true,true,true,2.2256,0,0,0,73,0,true,0,true,0,true
S4b,true,8,M3_an2025,true,,4,1391.0177,1.012,1.012,true,true,true,2.2256,0,0,0,73,0,true,0,true,0,true
S4b,true,9,M1_distance,true,,8,2.2269,1.05,1.050,true,true,true,2.2269,0,0,0,72,0,true,0,true,0,true
S4b,true,9,M2_proposed,true,,8,2.2269,2.491,2.491,true,true,true,2.2269,0,0,0,72,0,true,0,true,0,true
S4b,true,9,M3_an2025,true,,8,1391.816,1.548,1.548,true,true,true,2.2269,0,0,0,72,0,true,0,true,0,true
S4b,true,10,M1_distance,true,,9,0.7573,0.248,0.248,false,false,false,0.7573,294.514,0.9,327.2,21,4,false,4,false,4,false
S4b,true,10,M2_proposed,false,FLOOD_ISOLATION,,,4.608,4.608,false,false,false,,,,,,,false,,false,,false
S4b,true,10,M3_an2025,false,FLOOD_ISOLATION,,,0.244,0.244,false,false,false,,,,,,,false,,false,,false
S4b,true,11,M1_distance,true,,4,5.077,17.937,17.937,true,true,true,5.077,0,0,0,158,0,true,0,true,0,true
S4b,true,11,M2_proposed,true,,4,5.077,3.906,3.906,true,true,true,5.077,0,0,0,158,0,true,0,true,0,true
S4b,true,11,M3_an2025,true,,4,3173.1187,2.289,2.289,true,true,true,5.077,0,0,0,158,0,true,0,true,0,true
S4b,true,12,M1_distance,true,,8,4.8102,1.794,1.794,true,true,true,4.8102,0,0,0,132,0,true,0,true,0,true
S4b,true,12,M2_proposed,true,,8,4.8102,4.058,4.058,true,true,true,4.8102,0,0,0,132,0,true,0,true,0,true
S4b,true,12,M3_an2025,true,,8,3006.3933,5.947,5.947,true,true,true,4.8102,0,0,0,132,0,true,0,true,0,true
S4b,true,13,M1_distance,true,,4,5.3483,1.611,1.611,true,true,true,5.3483,0,0,0,175,0,true,0,true,0,true
S4b,true,13,M2_proposed,true,,4,5.3483,3.526,3.526,true,true,true,5.3483,0,0,0,175,0,true,0,true,0,true
S4b,true,13,M3_an2025,true,,4,3342.7153,4.304,4.304,true,true,true,5.3483,0,0,0,175,0,true,0,true,0,true
S4b,true,14,M1_distance,true,,4,2.2619,1.352,1.352,true,true,true,2.2619,0,0,0,48,0,true,0,true,0,true
S4b,true,14,M2_proposed,true,,4,2.2619,2.761,2.761,true,true,true,2.2619,0,0,0,48,0,true,0,true,0,true
S4b,true,14,M3_an2025,true,,4,1413.6658,1.791,1.791,true,true,true,2.2619,0,0,0,48,0,true,0,true,0,true
S4b,true,15,M1_distance,true,,4,3.7294,1.569,1.569,true,true,true,3.7294,0,0,0,120,0,true,0,true,0,true
S4b,true,15,M2_proposed,true,,4,3.7294,3.451,3.451,true,true,true,3.7294,0,0,0,120,0,true,0,true,0,true
S4b,true,15,M3_an2025,true,,4,2330.8504,3.945,3.945,true,true,true,3.7294,0,0,0,120,0,true,0,true,0,true
S4b,true,16,M1_distance,true,,8,1.4535,0.569,0.569,true,true,true,1.4535,0,0,0,40,0,true,0,true,0,true
S4b,true,16,M2_proposed,true,,8,1.4535,1.084,1.084,true,true,true,1.4535,0,0,0,40,0,true,0,true,0,true
S4b,true,16,M3_an2025,true,,8,908.45,0.737,0.737,true,true,true,1.4535,0,0,0,40,0,true,0,true,0,true
S4b,true,17,M1_distance,true,,8,4.4279,1.738,1.738,false,false,false,4.4279,176.946,0.9,196.6,112,4,false,4,false,4,false
S4b,true,17,M2_proposed,false,FLOOD_ISOLATION,,,0.187,0.187,false,false,false,,,,,,,false,,false,,false
S4b,true,17,M3_an2025,false,FLOOD_ISOLATION,,,0.176,0.176,false,false,false,,,,,,,false,,false,,false
S4b,true,18,M1_distance,true,,8,2.343,0.807,0.807,true,true,true,2.343,0,0,0,62,0,true,0,true,0,true
S4b,true,18,M2_proposed,true,,8,2.343,2.066,2.066,true,true,true,2.343,0,0,0,62,0,true,0,true,0,true
S4b,true,18,M3_an2025,true,,8,1464.3497,3.091,3.091,true,true,true,2.343,0,0,0,62,0,true,0,true,0,true
S4b,true,19,M1_distance,true,,8,2.0721,0.966,0.966,true,true,true,2.0721,0,0,0,56,0,true,0,true,0,true
S4b,true,19,M2_proposed,true,,8,2.0721,1.925,1.925,true,true,true,2.0721,0,0,0,56,0,true,0,true,0,true
S4b,true,19,M3_an2025,true,,8,1295.0529,1.119,1.119,true,true,true,2.0721,0,0,0,56,0,true,0,true,0,true
S4b,true,20,M1_distance,true,,7,8.4103,1.9,1.900,true,true,true,8.4103,297.345,0.9,330.4,195,6,false,6,false,6,false
S4b,true,20,M2_proposed,true,,7,9.6348,4.642,4.642,true,true,true,9.6348,0,0,0,272,0,true,0,true,0,true
S4b,true,20,M3_an2025,true,,7,6021.7313,4.525,4.525,true,true,true,9.6348,0,0,0,272,0,true,0,true,0,true
S4b,true,21,M1_distance,true,,7,1.5022,4.821,4.821,true,true,true,1.5022,0,0,0,29,0,true,0,true,0,true
S4b,true,21,M2_proposed,true,,7,1.5022,14.274,14.274,true,true,true,1.5022,0,0,0,29,0,true,0,true,0,true
S4b,true,21,M3_an2025,true,,7,938.8819,1.262,1.262,true,true,true,1.5022,0,0,0,29,0,true,0,true,0,true
S4b,true,22,M1_distance,true,,7,2.2373,0.705,0.705,true,true,true,2.2373,0,0,0,53,0,true,0,true,0,true
S4b,true,22,M2_proposed,true,,7,2.2373,2.688,2.688,true,true,true,2.2373,0,0,0,53,0,true,0,true,0,true
S4b,true,22,M3_an2025,true,,7,1398.3248,0.949,0.949,true,true,true,2.2373,0,0,0,53,0,true,0,true,0,true
S4b,true,23,M1_distance,true,,7,5.7136,1.788,1.788,false,false,false,5.7136,344.611,0.9,382.9,153,12,false,12,false,12,false
S4b,true,23,M2_proposed,false,FLOOD_ISOLATION,,,0.175,0.175,false,false,false,,,,,,,false,,false,,false
S4b,true,23,M3_an2025,false,FLOOD_ISOLATION,,,0.156,0.156,false,false,false,,,,,,,false,,false,,false
S4b,true,24,M1_distance,true,,7,3.7965,0.937,0.937,true,true,true,3.7965,0,0,0,115,0,true,0,true,0,true
S4b,true,24,M2_proposed,true,,7,3.7965,2.127,2.127,true,true,true,3.7965,0,0,0,115,0,true,0,true,0,true
S4b,true,24,M3_an2025,true,,7,2372.8269,1.831,1.831,true,true,true,3.7965,0,0,0,115,0,true,0,true,0,true
S4b,true,25,M1_distance,true,,5,2.019,1.187,1.187,true,true,true,2.019,0,0,0,67,0,true,0,true,0,true
S4b,true,25,M2_proposed,true,,5,2.019,3.222,3.222,true,true,true,2.019,0,0,0,67,0,true,0,true,0,true
S4b,true,25,M3_an2025,true,,5,1261.8741,2.308,2.308,true,true,true,2.019,0,0,0,67,0,true,0,true,0,true
S4b,true,26,M1_distance,true,,5,1.0687,0.269,0.269,true,true,true,1.0687,0,0,0,33,0,true,0,true,0,true
S4b,true,26,M2_proposed,true,,5,1.0687,0.4,0.400,true,true,true,1.0687,0,0,0,33,0,true,0,true,0,true
S4b,true,26,M3_an2025,true,,5,667.9141,0.337,0.337,true,true,true,1.0687,0,0,0,33,0,true,0,true,0,true
S4b,true,27,M1_distance,true,,3,2.187,0.466,0.466,true,true,true,2.187,0,0,0,54,0,true,0,true,0,true
S4b,true,27,M2_proposed,true,,3,2.187,0.926,0.926,true,true,true,2.187,0,0,0,54,0,true,0,true,0,true
S4b,true,27,M3_an2025,true,,3,1366.8864,0.625,0.625,true,true,true,2.187,0,0,0,54,0,true,0,true,0,true
S4b,true,28,M1_distance,true,,7,3.3577,2.76,2.760,true,true,true,3.3577,0,0,0,94,0,true,0,true,0,true
S4b,true,28,M2_proposed,true,,7,3.3577,6.09,6.090,true,true,true,3.3577,0,0,0,94,0,true,0,true,0,true
S4b,true,28,M3_an2025,true,,7,2098.5702,5.161,5.161,true,true,true,3.3577,0,0,0,94,0,true,0,true,0,true
S4b,true,29,M1_distance,true,,7,5.5354,1.723,1.723,true,true,true,5.5354,0,0,0,143,0,true,0,true,0,true
S4b,true,29,M2_proposed,true,,7,5.5354,5.188,5.188,true,true,true,5.5354,0,0,0,143,0,true,0,true,0,true
S4b,true,29,M3_an2025,true,,7,3459.6058,3.816,3.816,true,true,true,5.5354,0,0,0,143,0,true,0,true,0,true
S4b,true,30,M1_distance,true,,3,2.6793,1.378,1.378,false,false,false,2.6793,195.845,0.9,217.6,63,12,false,12,false,12,false
S4b,true,30,M2_proposed,false,FLOOD_ISOLATION,,,0.212,0.212,false,false,false,,,,,,,false,,false,,false
S4b,true,30,M3_an2025,false,FLOOD_ISOLATION,,,0.167,0.167,false,false,false,,,,,,,false,,false,,false
S4b,true,31,M1_distance,true,,7,3.5175,0.964,0.964,true,true,true,3.5175,0,0,0,76,0,true,0,true,0,true
S4b,true,31,M2_proposed,true,,7,3.5175,34.656,34.656,true,true,true,3.5175,0,0,0,76,0,true,0,true,0,true
S4b,true,31,M3_an2025,true,,7,2198.4552,3.087,3.087,true,true,true,3.5175,0,0,0,76,0,true,0,true,0,true
S4b,true,32,M1_distance,true,,3,1.5916,0.476,0.476,true,true,true,1.5916,0,0,0,36,0,true,0,true,0,true
S4b,true,32,M2_proposed,true,,3,1.5916,0.923,0.923,true,true,true,1.5916,0,0,0,36,0,true,0,true,0,true
S4b,true,32,M3_an2025,true,,3,994.7242,0.646,0.646,true,true,true,1.5916,0,0,0,36,0,true,0,true,0,true
S4b,true,33,M1_distance,true,,7,2.2529,0.775,0.775,true,true,true,2.2529,0,0,0,64,0,true,0,true,0,true
S4b,true,33,M2_proposed,true,,7,2.2529,1.671,1.671,true,true,true,2.2529,0,0,0,64,0,true,0,true,0,true
S4b,true,33,M3_an2025,true,,7,1408.0782,1.118,1.118,true,true,true,2.2529,0,0,0,64,0,true,0,true,0,true
S4b,true,34,M1_distance,true,,7,1.9227,0.626,0.626,true,true,true,1.9227,0,0,0,61,0,true,0,true,0,true
S4b,true,34,M2_proposed,true,,7,1.9227,2.027,2.027,true,true,true,1.9227,0,0,0,61,0,true,0,true,0,true
S4b,true,34,M3_an2025,true,,7,1201.6608,1.682,1.682,true,true,true,1.9227,0,0,0,61,0,true,0,true,0,true
S4b,true,35,M1_distance,true,,7,3.6916,0.903,0.903,true,true,true,3.6916,0,0,0,130,0,true,0,true,0,true
S4b,true,35,M2_proposed,true,,7,3.6916,1.815,1.815,true,true,true,3.6916,0,0,0,130,0,true,0,true,0,true
S4b,true,35,M3_an2025,true,,7,2307.273,1.361,1.361,true,true,true,3.6916,0,0,0,130,0,true,0,true,0,true
S4b,true,36,M1_distance,true,,7,4.5516,1.054,1.054,true,true,true,4.5516,0,0,0,97,0,true,0,true,0,true
S4b,true,36,M2_proposed,true,,7,4.5516,2.308,2.308,true,true,true,4.5516,0,0,0,97,0,true,0,true,0,true
S4b,true,36,M3_an2025,true,,7,2844.7278,3.562,3.562,true,true,true,4.5516,0,0,0,97,0,true,0,true,0,true
S4b,true,37,M1_distance,true,,7,3.7026,1.371,1.371,false,false,false,3.7026,207.083,0.9,230.1,105,9,false,9,false,9,false
S4b,true,37,M2_proposed,false,FLOOD_ISOLATION,,,0.204,0.204,false,false,false,,,,,,,false,,false,,false
S4b,true,37,M3_an2025,false,FLOOD_ISOLATION,,,0.175,0.175,false,false,false,,,,,,,false,,false,,false
S4b,true,38,M1_distance,true,,7,4.8669,2.199,2.199,true,true,true,4.8669,0,0,0,156,0,true,0,true,0,true
S4b,true,38,M2_proposed,true,,7,4.8669,5.052,5.052,true,true,true,4.8669,0,0,0,156,0,true,0,true,0,true
S4b,true,38,M3_an2025,true,,7,3041.8264,5.747,5.747,true,true,true,4.8669,0,0,0,156,0,true,0,true,0,true
S4b,true,39,M1_distance,true,,3,3.8945,1.237,1.237,true,true,true,3.8945,0,0,0,101,0,true,0,true,0,true
S4b,true,39,M2_proposed,true,,3,3.8945,2.012,2.012,true,true,true,3.8945,0,0,0,101,0,true,0,true,0,true
S4b,true,39,M3_an2025,true,,3,2434.072,1.43,1.430,true,true,true,3.8945,0,0,0,101,0,true,0,true,0,true
S4b,true,40,M1_distance,true,,3,4.2719,1.538,1.538,true,true,true,4.2719,0,0,0,97,0,true,0,true,0,true
S4b,true,40,M2_proposed,true,,3,4.2719,3.808,3.808,true,true,true,4.2719,0,0,0,97,0,true,0,true,0,true
S4b,true,40,M3_an2025,true,,3,2669.9527,3.022,3.022,true,true,true,4.2719,0,0,0,97,0,true,0,true,0,true