date,mean_rain_mm,median_rain_mm,n_stations,total_obs
2016-01-01,8.457142857142857,5.0,21,21
2016-01-02,20.108333333333334,10.35,24,24
2016-01-03,16.012,10.5,25,25
2016-01-04,18.954166666666666,8.1,24,24
2016-01-05,10.547619047619047,5.0,21,21
2016-01-06,13.504761904761907,8.0,21,21
2016-01-07,9.55,5.65,16,16
2016-01-08,1.1428571428571428,0.0,14,14
2016-01-09,6.48125,0.75,16,16
2016-01-10,13.227272727272727,6.75,22,22
2016-01-11,12.827272727272726,7.35,22,22
2016-01-12,9.5,4.5,20,20
2016-01-13,13.732000000000001,10.0,25,25
2016-01-14,15.13,12.0,20,20
2016-01-15,6.96,0.0,15,15
2016-01-16,2.61875,0.0,16,16
2016-01-17,4.5625,1.75,16,16
2016-01-18,11.694736842105263,6.7,19,19
2016-01-19,12.672727272727274,10.0,22,22
2016-01-20,16.62608695652174,10.5,23,23
2016-01-21,17.219047619047622,12.3,21,21
2016-01-22,11.459090909090909,9.0,22,22
2016-01-23,7.533333333333333,1.0,15,15
2016-01-24,9.11111111111111,3.0,18,18
2016-01-25,7.1049999999999995,2.55,20,20
2016-01-26,1.9,0.0,15,15
2016-01-27,5.642857142857143,1.5,21,21
2016-01-28,16.21875,2.0,16,16
2016-01-29,4.7,0.0,15,15
2016-01-30,3.28125,0.0,16,16
2016-01-31,4.542105263157895,1.5,19,19
2016-02-01,5.979166666666667,4.25,24,24
2016-02-02,9.75,4.0,22,22
2016-02-03,17.55263157894737,14.0,19,19
2016-02-04,6.204545454545454,2.75,22,22
2016-02-05,5.216666666666667,4.0,24,24
2016-02-06,10.165217391304349,1.5,23,23
2016-02-07,21.19047619047619,20.0,21,21
2016-02-08,21.98076923076923,19.0,26,26
2016-02-09,21.730434782608697,14.0,23,23
2016-02-10,17.43913043478261,16.5,23,23
2016-02-11,16.40740740740741,16.5,27,27
2016-02-12,10.956521739130435,5.5,23,23
2016-02-13,8.26,7.0,25,25
2016-02-14,13.294999999999998,12.0,20,20
2016-02-15,14.318181818181818,5.25,22,22
2016-02-16,6.7714285714285705,1.0,21,21
2016-02-17,8.28695652173913,5.0,23,23
2016-02-18,3.8333333333333335,1.5,18,18
2016-02-19,4.6421052631578945,0.0,19,19
2016-02-20,7.9,0.0,20,20
2016-02-21,19.145454545454545,17.75,22,22
2016-02-22,20.295833333333334,17.25,24,24
2016-02-23,31.872727272727275,28.75,22,22
2016-02-24,22.936363636363637,10.75,22,22
2016-02-25,19.194117647058825,7.0,17,17
2016-02-26,9.008695652173913,5.0,23,23
2016-02-27,21.90909090909091,11.5,22,22
2016-02-28,22.463636363636365,15.6,22,22
2016-02-29,6.094736842105263,2.0,19,19
2016-03-01,7.2956521739130435,2.0,23,23
2016-03-02,6.252173913043479,2.5,23,23
2016-03-03,3.8125,2.5,16,16
2016-03-04,13.204761904761906,7.0,21,21
2016-03-05,23.1,14.5,25,25
2016-03-06,22.704545454545453,13.0,22,22
2016-03-07,25.30909090909091,11.85,22,22
2016-03-08,18.034782608695654,12.2,23,23
2016-03-09,16.94090909090909,12.75,22,22
2016-03-10,13.617647058823529,5.0,17,17
2016-03-11,11.545833333333334,9.0,24,24
2016-03-12,21.217391304347824,12.0,23,23
2016-03-13,33.064,22.5,25,25
2016-03-14,10.813636363636364,7.75,22,22
2016-03-15,18.81904761904762,8.5,21,21
2016-03-16,26.13684210526316,10.0,19,19
2016-03-17,11.1,4.0,19,19
2016-03-18,26.490476190476187,10.0,21,21
2016-03-19,5.468421052631579,3.0,19,19
2016-03-20,9.452380952380953,7.0,21,21
2016-03-21,7.433333333333334,3.0,15,15
2016-03-22,17.4,9.25,20,20
2016-03-23,15.143478260869566,8.5,23,23
2016-03-24,12.994736842105263,14.5,19,19
2016-03-25,15.58695652173913,11.0,23,23
2016-03-26,16.33157894736842,11.0,19,19
2016-03-27,5.62,3.5,20,20
2016-03-28,13.845454545454546,7.0,22,22
2016-03-29,25.914285714285718,16.0,21,21
2016-03-30,13.46875,8.5,16,16
2016-03-31,7.213333333333334,6.0,15,15
2016-04-01,15.405000000000001,11.9,20,20
2016-04-02,16.343478260869563,11.0,23,23
2016-04-03,16.36111111111111,12.5,18,18
2016-04-04,11.0625,11.0,16,16
2016-04-05,12.833333333333334,10.0,15,15
2016-04-06,21.625,10.5,20,20
2016-04-07,13.677777777777777,5.5,18,18
2016-04-08,8.415384615384616,10.0,13,13
2016-04-09,15.994117647058822,14.0,17,17
2016-04-10,18.6625,11.65,16,16
2016-04-11,13.461538461538462,4.0,13,13
2016-04-12,22.358823529411765,12.4,17,17
2016-04-13,22.375,17.0,24,24
2016-04-14,16.66,8.5,15,15
2016-04-15,13.678947368421051,7.0,19,19
2016-04-16,8.666666666666666,5.0,18,18
2016-04-17,11.423076923076923,7.0,13,13
2016-04-18,12.233333333333333,6.4,15,15
2016-04-19,18.410526315789475,10.0,19,19
2016-04-20,15.357142857142858,10.5,21,21
2016-04-21,18.323076923076922,7.5,13,13
2016-04-22,2.25,0.0,8,8
2016-04-23,1.75,0.0,10,10
2016-04-24,1.0,0.0,7,7
2016-04-25,7.9,8.75,10,10
2016-04-26,10.924999999999999,8.75,12,12
2016-04-27,20.241176470588236,22.0,17,17
2016-04-28,22.735,26.0,20,20
2016-04-29,10.6125,10.0,16,16
2016-04-30,9.94090909090909,5.75,22,22
2016-05-01,5.946153846153846,1.5,13,13
2016-05-02,5.576923076923077,1.5,13,13
2016-05-03,12.844999999999999,9.75,20,20
2016-05-04,6.909090909090909,5.0,11,11
2016-05-05,19.666666666666668,1.0,9,9
2016-05-06,8.863636363636363,1.5,11,11
2016-05-07,9.78,5.0,15,15
2016-05-08,9.9,6.0,15,15
2016-05-09,14.715,11.5,20,20
2016-05-10,16.653846153846153,8.5,13,13
2016-05-11,4.181818181818182,1.0,11,11
2016-05-12,6.46875,3.25,16,16
2016-05-13,9.035,6.1,20,20
2016-05-14,2.75,0.5,10,10
2016-05-15,5.9,4.0,15,15
2016-05-16,16.442105263157895,15.0,19,19
2016-05-17,15.4,7.5,15,15
2016-05-18,17.685714285714287,23.25,14,14
2016-05-19,6.5,0.0,9,9
2016-05-20,5.730769230769231,1.5,13,13
2016-05-21,10.593333333333334,6.0,15,15
2016-05-22,18.41904761904762,15.0,21,21
2016-05-23,24.766666666666666,14.75,18,18
2016-05-24,14.955000000000002,8.0,20,20
2016-05-25,10.442857142857141,7.75,14,14
2016-05-26,5.4,2.5,10,10
2016-05-27,4.5,0.0,10,10
2016-05-28,1.8333333333333333,0.0,6,6
2016-05-29,5.913333333333333,5.5,15,15
2016-05-30,14.88888888888889,6.75,18,18
2016-05-31,7.75,1.75,10,10
2016-06-01,2.8,2.0,10,10
2016-06-02,11.2625,7.5,16,16
2016-06-03,13.0,16.5,15,15
2016-06-04,7.2727272727272725,3.0,11,11
2016-06-05,9.5625,7.5,8,8
2016-06-06,10.145454545454545,7.0,11,11
2016-06-07,27.875,20.5,20,20
2016-06-08,40.16111111111111,25.75,18,18
2016-06-09,16.2,10.3,13,13
2016-06-10,1.4,2.0,5,5
2016-06-11,3.3333333333333335,0.0,3,3
2016-06-12,4.683333333333334,2.05,6,6
2016-06-13,7.166666666666667,9.0,3,3
2016-06-14,8.440000000000001,4.5,10,10
2016-06-15,7.246666666666667,5.0,15,15
2016-06-16,5.5,3.2,7,7
2016-06-17,12.88,7.0,10,10
2016-06-18,23.51111111111111,19.75,18,18
2016-06-19,11.907142857142857,9.25,14,14
2016-06-20,11.91,6.45,10,10
2016-06-21,17.407692307692308,6.0,13,13
2016-06-22,12.6875,2.25,8,8
2016-06-23,18.0625,4.5,8,8
2016-06-24,14.875,12.75,4,4
2016-06-25,2.75,2.5,6,6
2016-06-26,7.742857142857143,2.0,7,7
2016-06-27,9.077777777777778,10.5,9,9
2016-06-28,7.791666666666667,3.65,12,12
2016-06-29,11.125,4.25,8,8
2016-06-30,6.333333333333333,7.0,3,3
2016-07-01,20.322222222222223,16.0,18,18
2016-07-02,24.15,20.0,18,18
2016-07-03,19.444444444444443,7.0,9,9
2016-07-04,14.65,5.0,12,12
2016-07-05,5.75,4.0,4,4
2016-07-06,11.0,5.0,3,3
2016-07-07,11.2,10.0,5,5
2016-07-08,3.875,4.25,4,4
2016-07-09,7.0,7.0,2,2
2016-07-10,3.375,3.0,4,4
2016-07-11,21.835714285714285,17.5,14,14
2016-07-12,21.405555555555555,11.5,18,18
2016-07-13,10.553333333333335,3.6,15,15
2016-07-14,8.89,6.75,10,10
2016-07-15,9.700000000000001,7.8,6,6
2016-07-16,10.809090909090909,8.0,11,11
2016-07-17,18.642857142857142,20.75,14,14
2016-07-18,11.209090909090909,11.5,11,11
2016-07-19,9.25,5.25,8,8
2016-07-20,8.63125,6.1,16,16
2016-07-21,17.8,14.2,12,12
2016-07-22,25.805555555555557,11.5,18,18
2016-07-23,15.616666666666667,11.75,18,18
2016-07-24,17.735294117647058,12.5,17,17
2016-07-25,6.5,6.5,2,2
2016-07-26,17.5,9.5,3,3
2016-07-27,1.5,1.5,2,2
2016-07-28,3.5,3.5,2,2
2016-07-29,5.5,5.5,7,7
2016-07-30,8.944444444444445,7.5,9,9
2016-07-31,12.5,12.5,2,2
2016-08-01,6.733333333333333,6.0,6,6
2016-08-02,8.75,8.75,2,2
2016-08-03,7.0,7.0,2,2
2016-08-04,10.75,10.75,2,2
2016-08-05,5.75,5.75,2,2
2016-08-06,11.5,7.0,3,3
2016-08-07,9.333333333333334,3.75,6,6
2016-08-08,7.625,2.75,8,8
2016-08-09,8.333333333333334,4.0,6,6
2016-08-10,12.625,11.75,4,4
2016-08-11,10.5,6.75,4,4
2016-08-12,5.171428571428572,4.0,7,7
2016-08-13,8.0625,6.6,16,16
2016-08-14,9.944444444444445,6.0,9,9
2016-08-15,15.757142857142856,10.0,7,7
2016-08-16,6.74,5.5,5,5
2016-08-17,5.328571428571428,5.3,7,7
2016-08-18,11.17,9.85,10,10
2016-08-19,20.333333333333332,5.0,3,3
2016-08-20,5.775,6.05,4,4
2016-08-21,5.557142857142857,4.0,7,7
2016-08-22,4.54,5.0,5,5
2016-08-23,4.0,4.5,4,4
2016-08-24,6.7375,6.0,8,8
2016-08-25,6.863636363636363,4.0,11,11
2016-08-26,7.375,4.75,8,8
2016-08-27,9.99,8.25,10,10
2016-08-28,19.2375,18.25,16,16
2016-08-29,9.757142857142856,6.75,14,14
2016-08-30,10.766666666666666,8.5,12,12
2016-09-01,5.333333333333333,4.0,6,6
2016-09-02,4.166666666666667,2.0,3,3
2016-09-03,10.909090909090908,5.5,11,11
2016-09-04,10.653846153846153,7.0,13,13
2016-09-05,4.425,4.15,8,8
2016-09-06,9.5,5.0,6,6
2016-09-07,10.76,5.65,10,10
2016-09-08,22.38888888888889,8.0,9,9
2016-09-09,19.90909090909091,9.5,11,11
2016-09-10,11.05,6.25,10,10
2016-09-11,6.75,5.0,8,8
2016-09-12,16.214285714285715,8.5,7,7
2016-09-13,21.5,18.0,4,4
2016-09-14,10.783333333333333,7.5,6,6
2016-09-15,22.06,10.6,15,15
2016-09-16,22.91904761904762,12.1,21,21
2016-09-17,24.094444444444445,20.0,18,18
2016-09-18,14.183333333333332,7.6,12,12
2016-09-19,13.294117647058824,11.5,17,17
2016-09-20,24.36842105263158,16.5,19,19
2016-09-21,28.675,20.3,20,20
2016-09-22,7.739999999999999,7.0,15,15
2016-09-23,19.626315789473683,12.8,19,19
2016-09-24,23.361904761904764,21.0,21,21
2016-09-25,13.878947368421052,9.3,19,19
2016-09-26,16.2,18.5,17,17
2016-09-27,16.638461538461538,11.0,13,13
2016-09-28,20.25,15.4,18,18
2016-09-29,12.254545454545456,11.0,11,11
2016-09-30,20.252380952380953,16.0,21,21
2016-10-01,15.341176470588236,9.8,17,17
2016-10-02,18.257142857142856,12.5,21,21
2016-10-03,25.259999999999998,20.75,20,20
2016-10-04,14.453846153846154,10.0,13,13
2016-10-05,16.01904761904762,13.5,21,21
2016-10-06,13.165000000000001,9.25,20,20
2016-10-07,18.45,19.75,16,16
2016-10-08,13.10625,7.5,16,16
2016-10-09,20.578260869565216,17.1,23,23
2016-10-10,39.682352941176475,24.5,17,17
2016-10-11,8.879999999999999,3.0,15,15
2016-10-12,26.32,5.0,15,15
2016-10-13,9.6625,3.75,8,8
2016-10-14,11.738461538461538,9.4,13,13
2016-10-15,12.457142857142857,10.75,14,14
2016-10-16,9.466666666666667,7.8,12,12
2016-10-17,16.714285714285715,2.0,7,7
2016-10-18,12.333333333333334,7.25,6,6
2016-10-19,9.071428571428571,8.0,7,7
2016-10-20,17.057142857142857,11.25,14,14
2016-10-21,12.515384615384615,3.0,13,13
2016-10-22,18.41176470588235,14.0,17,17
2016-10-23,19.295238095238094,11.0,21,21
2016-10-24,12.495000000000001,10.5,20,20
2016-10-25,27.505000000000003,25.4,20,20
2016-10-26,23.794999999999998,19.5,20,20
2016-10-27,13.310526315789474,10.0,19,19
2016-10-28,31.81904761904762,22.0,21,21
2016-10-29,29.619999999999997,23.5,20,20
2016-10-30,10.933333333333334,7.3,15,15
2016-11-01,26.535000000000004,22.5,20,20
2016-11-02,17.93,13.7,20,20
2016-11-03,23.666666666666668,21.75,18,18
2016-11-04,19.013333333333332,9.5,15,15
2016-11-05,12.025,10.8,8,8
2016-11-06,19.0625,14.0,8,8
2016-11-07,8.446153846153846,8.5,13,13
2016-11-08,10.146153846153847,4.5,13,13
2016-11-09,22.665,21.25,20,20
2016-11-10,34.04545454545455,29.0,22,22
2016-11-11,13.9,10.0,24,24
2016-11-12,23.88823529411765,17.3,17,17
2016-11-13,21.28235294117647,16.5,17,17
2016-11-14,34.6,22.0,21,21
2016-11-15,10.815000000000001,7.25,20,20
2016-11-16,8.789473684210526,5.0,19,19
2016-11-17,9.442857142857141,5.0,14,14
2016-11-18,13.261538461538462,4.5,13,13
2016-11-19,9.129999999999999,6.0,10,10
2016-11-20,2.3333333333333335,1.5,6,6
2016-11-21,21.0,14.0,6,6
2016-11-22,13.093333333333334,7.5,15,15
2016-11-23,26.435000000000002,19.0,20,20
2016-11-24,21.563157894736843,20.0,19,19
2016-11-25,11.229411764705883,9.0,17,17
2016-11-26,11.907142857142857,6.6,14,14
2016-11-27,16.990909090909092,17.4,11,11
2016-11-28,12.311764705882354,10.5,17,17
2016-11-29,16.099999999999998,15.0,17,17
2016-12-01,14.613333333333333,8.0,15,15
2016-12-02,8.1625,6.15,8,8
2016-12-03,6.45,3.75,10,10
2016-12-04,13.6625,7.0,8,8
2016-12-05,10.613333333333333,5.0,15,15
2016-12-06,13.399999999999999,11.0,13,13
2016-12-07,8.5125,5.55,8,8
2016-12-08,7.3625,5.0,16,16
2016-12-09,28.744999999999997,18.75,20,20
2016-12-10,20.599999999999998,13.5,11,11
2016-12-11,21.542857142857144,22.75,14,14
2016-12-12,23.880000000000003,20.95,20,20
2016-12-13,20.688235294117646,20.0,17,17
2016-12-14,12.318181818181818,12.0,11,11
2016-12-15,13.372727272727273,13.5,11,11
2016-12-16,2.75,2.5,4,4
2016-12-17,3.0,3.0,2,2
2016-12-18,18.133333333333333,11.0,6,6
2016-12-19,14.3,2.85,4,4
2016-12-20,15.3,19.0,5,5
2016-12-22,0.0,0.0,1,1
2016-12-23,8.433333333333334,9.4,3,3
2016-12-25,4.1000000000000005,4.0,3,3
2016-12-26,5.9,2.25,8,8
2016-12-27,4.333333333333333,2.75,6,6
2016-12-29,4.666666666666667,4.0,3,3
2017-01-01,23.166666666666668,22.0,6,6
2017-01-02,5.909090909090909,2.0,11,11
2017-01-03,6.027777777777778,3.5,18,18
2017-01-04,6.823529411764706,2.0,17,17
2017-01-05,13.152380952380952,12.2,21,21
2017-01-06,14.994117647058824,12.0,17,17
2017-01-07,5.677777777777778,5.6,9,9
2017-01-08,5.2,5.0,7,7
2017-01-09,7.325,8.4,4,4
2017-01-10,5.575,5.25,8,8
2017-01-11,3.0714285714285716,3.0,14,14
2017-01-12,4.11875,1.75,16,16
2017-01-13,2.9166666666666665,2.25,12,12
2017-01-14,4.085714285714286,2.15,14,14
2017-01-15,7.663636363636363,4.0,11,11
2017-01-16,9.961111111111112,6.65,18,18
2017-01-17,10.549999999999999,7.0,22,22
2017-01-18,8.885714285714286,8.0,14,14
2017-01-19,18.0,18.0,2,2
2017-01-20,7.5,6.0,13,13
2017-01-21,13.24375,8.35,16,16
2017-01-22,25.6,23.75,22,22
2017-01-23,19.62727272727273,16.05,22,22
2017-01-24,14.857142857142858,5.65,14,14
2017-01-25,6.658823529411765,4.0,17,17
2017-01-26,8.24375,5.0,16,16
2017-01-27,4.82,2.75,10,10
2017-01-28,7.857142857142857,2.0,14,14
2017-01-29,8.75,4.25,16,16
2017-01-30,6.884615384615385,3.0,13,13
2017-01-31,6.233333333333333,5.0,15,15
2017-02-01,11.004166666666668,9.55,24,24
2017-02-02,11.326666666666666,6.0,15,15
2017-02-03,5.491666666666667,4.5,12,12
2017-02-04,6.78125,3.0,16,16
2017-02-05,6.366666666666667,4.0,12,12
2017-02-06,4.67,1.5,10,10
2017-02-07,6.206666666666666,3.0,15,15
2017-02-08,10.805555555555555,6.5,18,18
2017-02-09,17.455555555555556,15.0,27,27
2017-02-10,10.65,7.0,24,24
2017-02-11,13.312000000000001,9.8,25,25
2017-02-12,10.138095238095238,6.0,21,21
2017-02-13,9.15,5.5,24,24
2017-02-14,10.638095238095238,7.0,21,21
2017-02-15,10.877272727272727,5.25,22,22
2017-02-16,22.836842105263155,21.0,19,19
2017-02-17,13.181818181818182,7.0,11,11
2017-02-18,6.533333333333334,5.1,6,6
2017-02-19,9.283333333333333,8.5,6,6
2017-02-20,10.461538461538462,6.0,13,13
2017-02-21,13.58148148148148,10.0,27,27
2017-02-22,9.440000000000001,6.0,20,20
2017-02-23,15.0,7.5,23,23
2017-02-24,9.0,4.75,14,14
2017-02-25,26.27037037037037,15.0,27,27
2017-02-26,16.885714285714286,15.0,21,21
2017-02-27,23.663636363636364,14.5,22,22
2017-02-28,24.092,13.4,25,25
2017-03-01,24.98076923076923,17.65,26,26
2017-03-02,23.062962962962963,18.0,27,27
2017-03-03,16.96666666666667,8.0,27,27
2017-03-04,11.525,6.5,20,20
2017-03-05,12.971428571428572,14.25,14,14
2017-03-06,22.182608695652174,16.3,23,23
2017-03-07,20.22222222222222,11.5,27,27
2017-03-08,29.013636363636362,29.15,22,22
2017-03-09,8.006666666666666,3.2,15,15
2017-03-10,13.278571428571428,8.75,14,14
2017-03-11,14.23,7.5,20,20
2017-03-12,20.8,14.85,14,14
2017-03-13,4.6875,1.0,8,8
2017-03-14,9.790909090909091,2.8,11,11
2017-03-15,10.466666666666667,8.0,12,12
2017-03-16,16.926315789473687,10.5,19,19
2017-03-17,16.014285714285716,9.0,21,21
2017-03-18,21.064285714285713,14.6,28,28
2017-03-19,26.236,18.5,25,25
2017-03-20,19.115000000000002,8.65,20,20
2017-03-21,13.4375,6.75,16,16
2017-03-22,10.089473684210526,7.0,19,19
2017-03-23,13.164285714285715,4.5,14,14
2017-03-24,9.669230769230769,5.0,13,13
2017-03-25,5.75,4.0,8,8
2017-03-26,8.371428571428572,7.25,14,14
2017-03-27,11.489473684210527,10.0,19,19
2017-03-28,19.58888888888889,11.25,18,18
2017-03-29,15.352631578947367,11.5,19,19
2017-03-30,7.542857142857143,3.5,14,14
2017-03-31,4.0,6.0,3,3
2017-04-01,8.046666666666667,4.5,15,15
2017-04-02,15.940000000000001,12.5,20,20
2017-04-03,18.15,8.5,18,18
2017-04-04,9.3,5.0,15,15
2017-04-05,17.628571428571426,12.5,21,21
2017-04-06,9.39,6.0,20,20
2017-04-07,10.044444444444444,7.15,18,18
2017-04-08,8.09,5.45,10,10
2017-04-09,21.66875,11.85,16,16
2017-04-10,30.372222222222224,25.75,18,18
2017-04-11,12.644444444444444,8.25,18,18
2017-04-12,13.764705882352942,7.5,17,17
2017-04-13,27.246153846153845,8.0,13,13
2017-04-14,20.6,17.0,10,10
2017-04-15,6.08,1.75,10,10
2017-04-16,17.692307692307693,9.5,13,13
2017-04-17,14.0375,8.75,16,16
2017-04-18,16.836363636363636,14.5,11,11
2017-04-19,16.426315789473687,11.0,19,19
2017-04-20,19.73888888888889,12.5,18,18
2017-04-21,7.5,4.3,8,8
2017-04-22,15.726315789473684,8.0,19,19
2017-04-23,33.2625,28.75,16,16
2017-04-24,3.6714285714285713,2.0,7,7
2017-04-25,5.875,7.25,4,4
2017-04-26,10.363636363636363,5.0,11,11
2017-04-27,17.425,13.75,16,16
2017-04-28,22.010526315789473,16.0,19,19
2017-04-29,16.272222222222222,6.0,18,18
2017-04-30,9.745454545454546,5.0,11,11
2017-05-01,8.823076923076924,5.3,13,13
2017-05-02,8.40625,3.5,16,16
2017-05-03,10.206666666666667,3.0,15,15
2017-05-04,9.515,7.0,20,20
2017-05-05,26.147058823529413,18.5,17,17
2017-05-06,18.1,9.0,10,10
2017-05-07,6.45,6.35,6,6
2017-05-08,9.027272727272727,4.3,11,11
2017-05-09,10.707692307692307,6.7,13,13
2017-05-10,12.958333333333334,3.25,12,12
2017-05-11,3.6666666666666665,0.0,3,3
2017-05-12,11.5,8.0,4,4
2017-05-13,0.5,0.5,2,2
2017-05-14,6.333333333333333,0.0,3,3
2017-05-15,12.1,10.0,5,5
2017-05-16,0.0,0.0,1,1
2017-05-17,2.5,2.5,2,2
2017-05-18,0.0,0.0,1,1
2017-05-19,0.0,0.0,2,2
2017-05-20,7.8,11.0,3,3
2017-05-21,5.0,5.0,2,2
2017-05-22,0.0,0.0,1,1
2017-05-23,0.0,0.0,2,2
2017-05-24,0.0,0.0,1,1
2017-05-25,0.0,0.0,1,1
2017-05-26,0.0,0.0,2,2
2017-05-27,5.0,5.0,2,2
2017-05-28,13.3625,10.0,8,8
2017-05-29,7.6625,7.65,8,8
2017-05-30,13.116666666666667,14.1,6,6
2017-05-31,1.0,1.0,1,1
2017-06-01,13.65,12.05,4,4
2017-06-02,23.0,21.75,8,8
2017-06-03,10.875,8.5,4,4
2017-06-04,16.816666666666666,8.0,6,6
2017-06-05,18.833333333333332,6.0,6,6
2017-06-06,29.6875,13.75,8,8
2017-06-07,1.5,1.5,2,2
2017-06-08,18.5,18.5,2,2
2017-06-09,13.0,13.0,1,1
2017-06-10,1.25,1.25,2,2
2017-06-11,13.0,13.0,1,1
2017-06-12,10.1,9.0,3,3
2017-06-13,4.0,3.0,3,3
2017-06-14,4.25,4.25,2,2
2017-06-15,7.071428571428571,7.0,7,7
2017-06-16,1.75,1.75,2,2
2017-06-18,9.0,6.0,3,3
2017-06-19,10.25,10.25,2,2
2017-06-20,6.5,6.5,1,1
2017-06-23,1.25,1.25,2,2
2017-06-24,0.0,0.0,2,2
2017-06-25,6.5,3.0,3,3
2017-06-26,0.75,1.0,4,4
2017-06-27,14.9,4.6,5,5
2017-06-28,4.963636363636364,4.0,11,11
2017-06-29,3.7875,1.0,8,8
2017-06-30,11.0,10.5,4,4
2017-07-01,18.641666666666666,15.0,12,12
2017-07-02,13.4,9.5,5,5
2017-07-03,9.825,9.4,4,4
2017-07-05,1.8,1.8,2,2
2017-07-07,5.0,5.0,1,1
2017-07-10,6.975,1.5,4,4
2017-07-11,10.0,10.0,1,1
2017-07-12,15.5,6.75,4,4
2017-07-13,29.25,29.25,2,2
2017-07-14,11.0,11.0,1,1
2017-07-15,9.0,9.0,2,2
2017-07-16,11.6,11.6,1,1
2017-07-17,12.6,12.6,2,2
2017-07-18,8.0,6.4,7,7
2017-07-19,11.314285714285715,9.0,7,7
2017-07-20,10.709090909090909,4.5,11,11
2017-07-21,19.27777777777778,12.0,9,9
2017-07-22,3.6666666666666665,4.5,3,3
2017-07-23,9.5,9.5,2,2
2017-07-24,26.857142857142858,21.0,7,7
2017-07-25,32.5,32.5,1,1
2017-07-26,0.8,0.8,1,1
2017-07-28,8.642857142857142,5.0,7,7
2017-07-29,9.0,3.5,4,4
2017-07-30,33.0,16.5,6,6
2017-07-31,14.866666666666667,10.75,12,12
2017-08-01,10.0,10.0,1,1
2017-08-05,0.5,0.5,1,1
2017-08-06,7.0,7.0,1,1
2017-08-07,0.0,0.0,1,1
2017-08-08,27.5,27.5,1,1
2017-08-09,13.071428571428571,9.0,7,7
2017-08-10,1.75,1.75,2,2
2017-08-11,1.5,1.5,1,1
2017-08-13,5.0,5.0,1,1
2017-08-14,2.0,2.0,1,1
2017-08-15,51.0,51.0,2,2
2017-08-18,2.0,2.0,1,1
2017-08-22,10.0,10.0,1,1
2017-08-25,3.0,3.0,1,1
2017-08-26,17.0,17.0,1,1
2017-08-27,8.0,8.0,2,2
2017-08-28,6.25,6.25,2,2
2017-08-29,15.73076923076923,11.0,13,13
2017-08-30,27.06190476190476,22.1,21,21
2017-08-31,1.0,1.0,1,1
2017-09-01,2.0,2.0,1,1
2017-09-05,0.75,0.75,2,2
2017-09-06,7.25,7.25,2,2
2017-09-08,1.0,1.0,1,1
2017-09-09,0.0,0.0,1,1
2017-09-10,3.5,3.5,1,1
2017-09-15,26.0,26.0,1,1
2017-09-16,1.0,1.0,1,1
2017-09-17,10.5,10.5,1,1
2017-09-18,3.0,3.0,1,1
2017-09-19,7.5,7.5,1,1
2017-09-20,5.5,5.5,3,3
2017-09-21,10.0,7.0,6,6
2017-09-22,8.175,8.1,4,4
2017-09-23,3.25,3.25,2,2
2017-09-24,15.625,7.5,4,4
2017-09-25,4.3375,2.75,8,8
2017-09-26,10.72,7.0,15,15
2017-09-27,15.827272727272726,11.75,22,22
2017-09-28,11.189473684210526,8.0,19,19
2017-09-29,9.004545454545454,4.0,22,22
2017-09-30,5.3,4.0,19,19
2017-10-01,9.807692307692308,5.0,13,13
2017-10-02,9.093333333333334,3.0,15,15
2017-10-03,10.36875,7.75,16,16
2017-10-04,20.166666666666668,15.0,12,12
2017-10-05,7.857142857142857,7.0,7,7
2017-10-06,14.5,0.5,4,4
2017-10-07,18.071428571428573,18.0,7,7
2017-10-08,21.26086956521739,7.5,23,23
2017-10-09,10.623529411764705,6.5,17,17
2017-10-10,25.54285714285714,10.0,21,21
2017-10-11,11.733333333333333,9.0,18,18
2017-10-12,14.461111111111112,8.5,18,18
2017-10-13,2.75,1.0,6,6
2017-10-14,7.571428571428571,4.0,7,7
2017-10-15,4.166666666666667,1.0,6,6
2017-10-16,18.1,17.9,9,9
2017-10-17,23.742105263157896,17.5,19,19
2017-10-18,7.382352941176471,4.0,17,17
2017-10-19,29.552380952380954,18.0,21,21
2017-10-20,16.210526315789473,13.0,19,19
2017-10-21,14.84,4.6,10,10
2017-10-22,6.890909090909091,8.0,11,11
2017-10-23,12.485714285714286,8.0,14,14
2017-10-24,28.114285714285717,14.5,14,14
2017-10-25,21.7,18.0,15,15
2017-10-26,24.534615384615385,18.25,26,26
2017-10-27,16.223076923076924,11.5,26,26
2017-10-28,17.047619047619047,17.5,21,21
2017-10-29,4.510526315789474,1.4,19,19
2017-10-30,6.469565217391305,4.5,23,23
2017-11-01,6.0,7.0,4,4
2017-11-02,3.857142857142857,0.0,7,7
2017-11-03,7.144444444444444,8.0,9,9
2017-11-04,13.816666666666666,9.25,18,18
2017-11-05,17.323809523809523,9.3,21,21
2017-11-06,17.7,11.5,22,22
2017-11-07,21.82962962962963,21.0,27,27
2017-11-08,29.95,26.0,24,24
2017-11-09,21.233333333333334,13.5,24,24
2017-11-10,21.183333333333334,17.25,24,24
2017-11-11,15.712,9.0,25,25
2017-11-12,24.108,18.0,25,25
2017-11-13,24.752,21.0,25,25
2017-11-14,31.36923076923077,30.0,26,26
2017-11-15,30.696296296296296,15.0,27,27
2017-11-16,16.974999999999998,3.5,24,24
2017-11-17,30.75,19.25,26,26
2017-11-18,25.956521739130434,20.4,23,23
2017-11-19,13.025,7.75,16,16
2017-11-20,23.828000000000003,21.0,25,25
2017-11-21,27.063636363636363,15.75,22,22
2017-11-22,31.316,21.5,25,25
2017-11-23,21.055555555555557,3.5,18,18
2017-11-24,6.709090909090909,4.0,11,11
2017-11-25,11.9125,5.25,8,8
2017-11-26,12.55625,4.5,16,16
2017-11-27,14.11304347826087,8.0,23,23
2017-11-28,23.4,25.25,20,20
2017-11-29,1.5,0.0,4,4
2017-11-30,14.166666666666666,9.0,6,6
2017-12-01,9.32857142857143,3.0,21,21
2017-12-02,4.6923076923076925,1.5,13,13
2017-12-03,1.6666666666666667,1.0,3,3
2017-12-04,4.885714285714286,4.5,7,7
2017-12-05,16.0,8.0,9,9
2017-12-06,9.754545454545454,7.0,11,11
2017-12-07,14.05,12.0,20,20
2017-12-08,10.234782608695653,6.5,23,23
2017-12-09,19.69047619047619,8.5,21,21
2017-12-10,7.871428571428572,5.5,21,21
2017-12-11,1.6666666666666667,0.0,12,12
2017-12-12,15.52222222222222,6.45,18,18
2017-12-13,14.626086956521737,15.0,23,23
2017-12-14,15.484000000000002,15.0,25,25
2017-12-15,25.595652173913045,10.0,23,23
2017-12-16,31.73076923076923,25.0,26,26
2017-12-17,13.946153846153846,9.25,26,26
2017-12-18,20.582608695652173,9.5,23,23
2017-12-19,10.673913043478262,5.0,23,23
2017-12-20,7.48888888888889,3.25,18,18
2017-12-21,10.46875,7.25,16,16
2017-12-22,2.37,0.75,10,10
2017-12-23,6.75,0.5,4,4
2017-12-24,21.0,21.0,1,1
2017-12-25,9.5,9.5,2,2
2017-12-26,2.0,1.0,3,3
2017-12-27,7.833333333333333,5.0,3,3
2017-12-28,2.0,0.0,5,5
2018-01-01,30.875,34.5,8,8
2018-01-02,31.615384615384617,38.0,13,13
2018-01-03,32.416666666666664,30.0,12,12
2018-01-04,21.493333333333332,12.8,15,15
2018-01-05,27.25,14.0,16,16
2018-01-06,10.6,7.5,12,12
2018-01-07,1.5142857142857142,0.0,7,7
2018-01-08,57.85,4.25,8,8
2018-01-09,23.5,21.5,8,8
2018-01-10,17.625,16.0,12,12
2018-01-11,18.383333333333333,13.4,6,6
2018-01-12,0.7999999999999999,0.0,3,3
2018-01-13,13.5,0.0,7,7
2018-01-14,8.549999999999999,3.0,12,12
2018-01-15,6.95,7.5,6,6
2018-01-16,7.18,5.4,5,5
2018-01-17,0.9444444444444444,0.0,9,9
2018-01-18,3.625,0.0,4,4
2018-01-19,7.071428571428571,0.0,7,7
2018-01-20,12.52727272727273,2.5,11,11
2018-01-21,3.322222222222222,1.5,9,9
2018-01-22,0.6111111111111112,0.0,9,9
2018-01-23,6.921428571428572,3.65,14,14
2018-01-24,13.8125,7.5,8,8
2018-01-25,25.944444444444443,22.4,9,9
2018-01-26,4.183333333333334,0.0,6,6
2018-01-27,4.366666666666666,0.75,6,6
2018-01-28,14.711111111111112,14.5,9,9
2018-01-29,17.344444444444445,5.5,9,9
2018-01-30,4.233333333333333,3.5,12,12
2018-01-31,2.15,1.75,8,8
2018-02-01,0.75,0.25,4,4
2018-02-02,14.6875,13.0,8,8
2018-02-03,4.34,0.0,5,5
2018-02-04,17.066666666666666,10.5,9,9
2018-02-05,8.39090909090909,7.5,11,11
2018-02-06,10.700000000000001,11.5,6,6
2018-02-07,36.81111111111111,17.3,9,9
2018-02-08,17.8875,8.5,8,8
2018-02-09,14.200000000000001,2.5,7,7
2018-02-10,11.833333333333334,0.5,3,3
2018-02-11,4.3999999999999995,1.5,3,3
2018-02-12,14.080000000000002,4.5,5,5
2018-02-13,8.85,4.3,6,6
2018-02-14,3.6799999999999997,2.4,5,5
2018-02-15,8.716666666666667,8.0,6,6
2018-02-16,22.666666666666668,22.5,6,6
2018-02-17,1.5,1.25,4,4
2018-02-18,23.5,23.5,2,2
2018-02-19,32.03076923076923,32.5,13,13
2018-02-20,33.57,34.75,10,10
2018-02-21,20.233333333333334,5.2,6,6
2018-02-22,28.05,16.0,10,10
2018-02-23,57.39090909090908,48.0,11,11
2018-02-24,27.5,10.5,8,8
2018-02-25,27.900000000000002,18.2,3,3
2018-02-26,24.585714285714285,23.6,7,7
2018-02-27,12.969999999999999,8.0,10,10
2018-02-28,17.349999999999998,15.4,6,6
2018-03-01,20.02,14.5,5,5
2018-03-02,13.5125,7.15,8,8
2018-03-03,15.919999999999998,13.5,5,5
2018-03-04,27.400000000000002,36.5,7,7
2018-03-05,24.75,16.85,8,8
2018-03-06,10.5,10.5,1,1
2018-03-07,23.16,15.2,5,5
2018-03-08,41.983333333333334,40.5,12,12
2018-03-09,43.6,42.5,10,10
2018-03-10,20.349999999999998,13.5,6,6
2018-03-11,17.45,12.9,4,4
2018-03-12,29.82222222222222,31.5,9,9
2018-03-13,48.25,41.0,4,4
2018-03-14,2.2,2.2,1,1
2018-03-15,1.25,1.25,2,2
2018-03-16,22.75,20.5,4,4
2018-03-17,21.75714285714286,9.8,7,7
2018-03-18,28.8,13.5,7,7
2018-03-19,18.583333333333332,13.0,6,6
2018-03-20,39.44285714285714,28.2,7,7
2018-03-21,18.933333333333334,25.8,3,3
2018-03-23,17.366666666666667,11.85,6,6
2018-03-24,14.1,12.2,4,4
2018-03-25,33.0,33.0,1,1
2018-03-26,16.0,16.0,2,2
2018-03-27,8.5,8.5,2,2
2018-03-28,6.75,6.75,2,2
2018-03-29,13.5,13.5,1,1
2018-03-30,2.5,2.5,1,1
2018-03-31,1.5,1.5,1,1
2018-04-01,10.933333333333332,10.5,3,3
2018-04-02,7.15,7.15,2,2
2018-04-03,11.5,11.5,1,1
2018-04-04,33.8,34.5,4,4
2018-04-05,16.533333333333335,10.85,6,6
2018-04-06,7.5,4.5,3,3
2018-04-07,7.025,7.3,4,4
2018-04-08,31.3,22.0,4,4
2018-04-09,18.416666666666668,15.0,6,6
2018-04-10,16.75,16.75,2,2
2018-04-12,6.5,6.5,1,1
2018-04-14,8.5,8.5,1,1
2018-04-15,7.166666666666667,7.5,3,3
2018-04-16,8.833333333333334,9.5,3,3
2018-04-17,8.34,4.5,5,5
2018-04-18,10.4,7.0,6,6
2018-04-19,10.049999999999999,7.15,6,6
2018-04-20,28.633333333333336,8.45,6,6
2018-04-21,29.25,29.25,2,2
2018-04-22,19.175,7.0,4,4
2018-04-23,32.56666666666667,10.95,6,6
2018-04-24,5.875,2.5,4,4
2018-04-25,10.666666666666666,6.6,3,3
2018-04-26,13.366666666666667,16.35,6,6
2018-04-27,1.8666666666666665,2.1,3,3
2018-04-28,40.0,40.0,1,1
2018-04-29,22.75,22.75,2,2
2018-04-30,1.5,1.5,1,1
2018-05-01,26.5,26.5,1,1
2018-05-03,87.0,87.0,1,1
2018-05-04,6.9,6.9,1,1
2018-05-05,22.25,22.25,2,2
2018-05-08,2.5,2.5,1,1
2018-05-09,23.5,25.5,3,3
2018-05-10,16.5,16.5,1,1
2018-05-11,1.75,1.75,2,2
2018-05-12,0.0,0.0,1,1
2018-05-14,42.0,42.0,1,1
2018-05-15,2.1,2.1,2,2
2018-05-17,13.333333333333334,15.5,3,3
2018-05-18,10.3,10.3,2,2
2018-05-19,18.0,18.0,2,2
2018-05-20,33.475,12.85,4,4
2018-05-21,7.166666666666667,0.0,3,3
2018-05-22,2.85,0.75,4,4
2018-05-23,33.583333333333336,6.0,6,6
2018-05-24,8.75,8.75,2,2
2018-05-25,10.9,10.9,2,2
2018-05-26,5.833333333333333,3.5,3,3
2018-05-27,1.1666666666666667,0.0,3,3
2018-05-29,2.8333333333333335,0.0,3,3
2018-05-30,0.0,0.0,1,1
2018-05-31,5.25,5.25,2,2
2018-06-01,38.0,38.0,1,1
2018-06-02,0.75,0.75,2,2
2018-06-03,21.8,21.8,1,1
2018-06-05,3.1666666666666665,2.5,3,3
2018-06-06,0.0,0.0,2,2
2018-06-07,0.0,0.0,1,1
2018-06-10,0.0,0.0,1,1
2018-06-12,0.0,0.0,1,1
2018-06-15,15.1,15.1,2,2
2018-06-18,2.5,2.5,1,1
2018-06-20,5.9,5.9,1,1
2018-06-22,1.5,1.5,1,1
2018-06-23,2.5,2.5,1,1
2018-06-24,0.0,0.0,1,1
2018-06-25,0.0,0.0,1,1
2018-06-26,7.1,6.75,4,4
2018-06-27,25.55,27.85,4,4
2018-06-29,6.5,6.5,1,1
2018-07-01,0.0,0.0,1,1
2018-07-02,40.0,40.0,1,1
2018-07-04,0.0,0.0,2,2
2018-07-06,17.5,17.5,1,1
2018-07-08,56.0,56.0,1,1
2018-07-09,2.0,2.0,2,2
2018-07-10,46.75,46.75,2,2
2018-07-11,0.5,0.5,1,1
2018-07-14,64.0,64.0,1,1
2018-07-15,1.5,1.5,1,1
2018-07-16,27.5,27.5,2,2
2018-07-19,21.0,21.0,2,2
2018-07-20,0.0,0.0,1,1
2018-07-21,0.0,0.0,1,1
2018-07-22,0.0,0.0,1,1
2018-07-23,16.166666666666668,11.5,3,3
2018-07-25,37.25,37.25,2,2
2018-07-26,13.15,13.15,2,2
2018-07-27,1.7,1.7,2,2
2018-07-28,0.0,0.0,1,1
2018-07-30,20.175,15.6,4,4
2018-07-31,0.0,0.0,1,1
2018-08-01,5.5,5.5,2,2
2018-08-02,0.0,0.0,2,2
2018-08-03,0.0,0.0,1,1
2018-08-04,32.5,32.5,1,1
2018-08-05,12.25,12.25,2,2
2018-08-06,2.25,2.25,2,2
2018-08-08,3.0,0.5,3,3
2018-08-09,8.5,8.5,2,2
2018-08-10,2.2333333333333334,0.0,3,3
2018-08-11,19.75,19.75,2,2
2018-08-12,1.9,1.9,2,2
2018-08-19,30.25,30.25,2,2
2018-08-22,0.0,0.0,1,1
2018-08-23,32.25,32.25,2,2
2018-08-25,0.0,0.0,1,1
2018-08-26,0.0,0.0,1,1
2018-08-27,83.0,83.0,1,1
2018-08-28,53.25,53.25,2,2
2018-08-29,0.0,0.0,1,1
2018-08-30,73.0,73.0,1,1
2018-09-02,1.5,1.5,1,1
2018-09-03,18.6,18.6,2,2
2018-09-04,8.25,8.25,2,2
2018-09-05,1.5,1.5,1,1
2018-09-06,0.0,0.0,1,1
2018-09-08,8.6,8.6,2,2
2018-09-09,22.833333333333332,20.5,3,3
2018-09-12,1.75,1.75,2,2
2018-09-13,65.0,65.0,1,1
2018-09-16,13.5,13.5,1,1
2018-09-17,34.0,34.0,1,1
2018-09-20,0.0,0.0,2,2
2018-09-21,9.5,9.5,1,1
2018-09-22,18.5,18.5,1,1
2018-09-23,0.0,0.0,2,2
2018-09-25,117.0,117.0,1,1
2018-09-26,0.8,0.8,1,1
2018-09-27,72.0,72.0,1,1
2018-09-28,4.5,4.5,1,1
2018-09-29,38.0,38.0,2,2
2018-09-30,17.283333333333335,11.5,6,6
2018-10-02,14.5,14.5,2,2
2018-10-04,18.5,18.5,2,2
2018-10-13,22.25,22.25,2,2
2018-10-14,0.0,0.0,1,1
2018-10-15,37.5,37.5,1,1
2018-10-16,10.5,10.5,1,1
2018-10-17,0.875,0.0,4,4
2018-10-18,28.65,28.65,2,2
2018-10-19,21.2,21.2,1,1
2018-10-20,8.8,8.8,1,1
2018-10-21,4.25,4.25,2,2
2018-10-22,0.0,0.0,1,1
2018-10-23,12.4,12.4,1,1
2018-10-24,10.7,10.7,2,2
2018-10-25,3.925,2.5,4,4
2018-10-26,3.5,0.0,3,3
2018-10-27,13.033333333333333,18.1,3,3
2018-10-28,20.825,19.15,4,4
2018-10-29,17.8,17.6,4,4
2018-10-30,26.071428571428573,15.5,7,7
2018-10-31,57.0,57.0,1,1
2018-11-01,26.98,22.5,5,5
2018-11-02,14.919999999999998,1.8,5,5
2018-11-03,2.1,2.1,1,1
2018-11-04,27.214285714285715,9.2,7,7
2018-11-05,1.8333333333333333,0.0,3,3
2018-11-06,1.2,1.2,2,2
2018-11-07,21.48,7.5,5,5
2018-11-08,28.919999999999998,21.5,5,5
2018-11-09,19.7,20.5,5,5
2018-11-10,27.880000000000003,12.5,5,5
2018-11-11,23.175,23.8,4,4
2018-11-12,25.849999999999998,13.3,6,6
2018-11-13,7.875,4.0,4,4
2018-11-14,12.0,8.0,4,4
2018-11-15,14.6,9.65,6,6
2018-11-16,11.4,11.4,1,1
2018-11-17,41.699999999999996,53.6,3,3
2018-11-18,27.3,27.3,1,1
2018-11-19,33.3,33.3,2,2
2018-11-20,0.0,0.0,1,1
2018-11-21,35.9,49.0,3,3
2018-11-22,25.05,25.05,2,2
2018-11-23,8.833333333333334,0.0,3,3
2018-11-24,12.1,12.1,1,1
2018-11-25,13.65,13.65,2,2
2018-11-26,47.75,47.75,2,2
2018-11-27,28.1,28.1,2,2
2018-11-28,25.125,12.3,4,4
2018-11-29,13.525,9.55,4,4
2018-11-30,0.75,0.75,2,2
2018-12-01,0.0,0.0,1,1
2018-12-02,4.2,4.2,2,2
2018-12-03,19.633333333333333,26.4,3,3
2018-12-04,31.05,32.35,4,4
2018-12-05,29.883333333333336,31.75,6,6
2018-12-06,8.05,8.05,2,2
2018-12-07,9.92,5.1,5,5
2018-12-08,10.6,12.3,3,3
2018-12-09,8.25,7.25,4,4
2018-12-10,10.1,10.1,2,2
2018-12-11,7.0,7.5,3,3
2018-12-12,25.233333333333334,14.9,6,6
2018-12-13,11.85,9.05,4,4
2018-12-14,22.3,13.8,5,5
2018-12-15,14.116666666666667,17.1,6,6
2018-12-16,13.166666666666666,17.5,3,3
2018-12-17,56.0,56.0,1,1
2018-12-18,10.225,7.199999999999999,4,4
2018-12-19,19.5,9.5,4,4
2018-12-20,6.1,6.1,1,1
2018-12-21,3.6,3.6,1,1
2018-12-22,0.6,0.6,2,2
2018-12-23,0.75,0.75,2,2
2018-12-24,26.25,26.25,2,2
2018-12-25,1.8,1.8,1,1
2019-01-01,16.125,10.75,4,4
2019-01-02,4.7375,2.0,8,8
2019-01-03,7.125,0.0,8,8
2019-01-04,15.333333333333334,21.5,3,3
2019-01-05,10.75,10.75,2,2
2019-01-06,23.375,23.75,8,8
2019-01-07,32.86363636363637,29.5,11,11
2019-01-08,25.754545454545454,5.5,11,11
2019-01-09,25.45384615384615,24.5,13,13
2019-01-10,16.927272727272726,16.5,11,11
2019-01-11,10.055555555555555,5.5,9,9
2019-01-12,20.15,16.0,10,10
2019-01-13,31.630000000000003,36.25,10,10
2019-01-14,22.285714285714285,9.0,14,14
2019-01-15,4.928571428571429,2.5,7,7
2019-01-16,41.63333333333333,15.5,9,9
2019-01-17,17.642857142857142,3.5,7,7
2019-01-18,24.375,6.0,8,8
2019-01-19,11.107142857142858,2.5,14,14
2019-01-20,31.045454545454547,21.5,11,11
2019-01-21,5.7727272727272725,4.5,11,11
2019-01-22,23.7,19.0,10,10
2019-01-23,16.215384615384615,3.5,13,13
2019-01-24,10.5,6.5,5,5
2019-01-25,11.833333333333334,1.5,9,9
2019-01-26,10.0,3.25,8,8
2019-01-27,15.425,2.95,8,8
2019-01-28,9.083333333333334,1.5,6,6
2019-01-29,1.5,0.0,8,8
2019-01-30,17.55,2.0,10,10
2019-01-31,5.0,0.0,11,11
2019-02-01,11.555555555555555,2.5,9,9
2019-02-02,24.75,18.5,8,8
2019-02-03,21.291666666666668,11.0,12,12
2019-02-04,23.785714285714285,32.0,7,7
2019-02-05,11.95,0.75,10,10
2019-02-06,7.25,7.25,2,2
2019-02-07,1.0833333333333333,0.25,6,6
2019-02-08,18.38888888888889,12.5,9,9
2019-02-09,16.25,8.5,8,8
2019-02-10,24.24,16.9,5,5
2019-02-11,44.5,51.75,4,4
2019-02-12,16.25,17.5,6,6
2019-02-13,11.785714285714286,10.5,7,7
2019-02-14,2.0,0.0,6,6
2019-02-15,18.166666666666668,6.5,9,9
2019-02-16,5.916666666666667,3.0,6,6
2019-02-17,9.1125,0.0,8,8
2019-02-18,14.5,14.4,3,3
2019-02-19,5.1875,0.25,8,8
2019-02-20,22.2,5.9,4,4
2019-02-21,24.083333333333332,19.5,6,6
2019-02-22,31.160000000000004,33.0,5,5
2019-02-23,18.914285714285715,18.5,7,7
2019-02-24,35.25,31.75,10,10
2019-02-25,7.583333333333333,5.25,6,6
2019-02-26,9.928571428571429,1.5,7,7
2019-02-27,0.16666666666666666,0.0,3,3
2019-02-28,14.833333333333334,1.75,6,6
2019-03-01,14.959999999999999,16.8,5,5
2019-03-02,13.566666666666666,7.5,9,9
2019-03-03,15.533333333333333,6.6,6,6
2019-03-04,20.1,5.699999999999999,4,4
2019-03-05,17.083333333333332,6.75,6,6
2019-03-06,33.785714285714285,35.0,7,7
2019-03-07,26.083333333333332,28.75,6,6
2019-03-08,2.1714285714285713,0.5,7,7
2019-03-09,0.35714285714285715,0.0,7,7
2019-03-10,7.3999999999999995,5.3,3,3
2019-03-11,0.0,0.0,2,2
2019-03-12,44.166666666666664,44.5,3,3
2019-03-13,0.8333333333333334,0.0,3,3
2019-03-14,9.375,0.0,4,4
2019-03-15,38.6,27.5,6,6
2019-03-16,2.0,1.5,3,3
2019-03-17,1.9,1.05,4,4
2019-03-18,2.1,0.0,3,3
2019-03-19,6.5,0.0,3,3
2019-03-20,23.0,10.5,3,3
2019-03-21,0.0,0.0,1,1
2019-03-22,6.0,8.5,3,3
2019-03-23,13.1,1.3,3,3
2019-03-24,8.0,6.5,3,3
2019-03-25,0.0,0.0,2,2
2019-03-26,12.8375,3.5,8,8
2019-03-27,26.014285714285712,10.5,7,7
2019-03-28,11.1,5.5,5,5
2019-03-29,13.675,13.35,4,4
2019-03-30,12.575,1.5,4,4
2019-03-31,5.6,5.6,1,1
2019-04-01,22.166666666666668,6.5,3,3
2019-04-02,17.825,18.4,4,4
2019-04-03,29.925,33.0,4,4
2019-04-04,36.766666666666666,18.5,3,3
2019-04-05,19.8,19.8,2,2
2019-04-06,14.666666666666666,19.5,3,3
2019-04-07,9.34,7.2,5,5
2019-04-08,40.72,51.0,5,5
2019-04-09,3.875,2.5,4,4
2019-04-10,0.0,0.0,2,2
2019-04-11,0.0,0.0,2,2
2019-04-12,0.0,0.0,3,3
2019-04-13,15.86,2.8,5,5
2019-04-14,21.7,13.5,3,3
2019-04-15,18.05,8.85,4,4
2019-04-16,2.75,2.75,2,2
2019-04-17,28.666666666666668,13.5,3,3
2019-04-18,4.3,3.7,3,3
2019-04-19,37.5,36.5,3,3
2019-04-20,20.8,20.8,1,1
2019-04-21,2.55,2.55,2,2
2019-04-22,14.55,14.55,2,2
2019-04-23,15.433333333333332,21.8,3,3
2019-04-24,1.45,0.15,4,4
2019-04-25,9.1,9.1,2,2
2019-04-26,3.375,2.5,4,4
2019-04-27,3.262,3.262,2,2
2019-04-28,22.0,22.0,2,2
2019-04-29,0.0,0.0,1,1
2019-05-01,7.8,0.0,5,5
2019-05-02,3.257142857142857,0.0,7,7
2019-05-03,22.599999999999998,2.8,3,3
2019-05-04,0.0,0.0,2,2
2019-05-06,8.1,8.1,2,2
2019-05-07,5.25,5.25,2,2
2019-05-08,11.65,4.8,4,4
2019-05-09,21.2,7.3,3,3
2019-05-10,5.9,5.9,1,1
2019-05-11,1.55,1.55,2,2
2019-05-12,0.0,0.0,1,1
2019-05-13,24.4,24.4,1,1
2019-05-14,0.0,0.0,1,1
2019-05-15,9.6,9.6,1,1
2019-05-16,19.633333333333336,19.2,3,3
2019-05-17,0.0,0.0,1,1
2019-05-21,0.5,0.5,1,1
2019-05-22,0.0,0.0,1,1
2019-05-25,0.0,0.0,1,1
2019-05-27,0.0,0.0,1,1
2019-05-28,0.0,0.0,1,1
2019-06-01,0.0,0.0,2,2
2019-06-02,0.0,0.0,2,2
2019-06-03,23.5,23.5,1,1
2019-06-04,1.75,1.75,2,2
2019-06-05,0.0,0.0,1,1
2019-06-06,0.0,0.0,1,1
2019-06-09,6.083333333333333,0.75,6,6
2019-06-10,43.0,43.0,1,1
2019-06-12,14.5,14.5,1,1
2019-06-13,2.5,2.5,1,1
2019-06-14,0.0,0.0,1,1
2019-06-16,0.0,0.0,1,1
2019-06-17,9.25,9.25,2,2
2019-06-18,0.0,0.0,2,2
2019-06-23,28.5,28.5,1,1
2019-06-24,0.0,0.0,1,1
2019-06-25,5.5,5.5,1,1
2019-06-26,45.0,45.0,1,1
2019-07-04,1.35,1.35,2,2
2019-07-05,0.0,0.0,1,1
2019-07-08,12.6,12.6,1,1
2019-07-09,0.9666666666666667,0.0,3,3
2019-07-11,18.25,18.25,2,2
2019-07-12,3.3333333333333335,0.5,3,3
2019-07-13,1.25,1.25,2,2
2019-07-14,0.0,0.0,2,2
2019-07-15,4.5,4.5,1,1
2019-07-19,47.0,47.0,1,1
2019-07-20,45.0,45.0,1,1
2019-07-22,0.0,0.0,1,1
2019-07-26,6.625,6.625,2,2
2019-07-27,0.75,0.75,2,2
2019-07-28,27.75,27.75,2,2
2019-07-29,13.25,13.25,2,2
2019-07-31,17.759999999999998,9.1,5,5
2019-08-01,0.0,0.0,2,2
2019-08-02,28.75,28.75,2,2
2019-08-04,10.5,10.5,1,1
2019-08-06,77.0,77.0,1,1
2019-08-07,19.0,19.0,2,2
2019-08-09,3.5,3.5,1,1
2019-08-10,29.0,22.75,4,4
2019-08-11,9.95,9.95,2,2
2019-08-12,38.5,38.5,1,1
2019-08-15,0.0,0.0,1,1
2019-08-17,0.0,0.0,1,1
2019-08-18,44.75,44.75,2,2
2019-08-19,1.5,1.5,1,1
2019-08-20,1.75,1.75,2,2
2019-08-23,15.0,15.0,2,2
2019-08-25,0.0,0.0,1,1
2019-08-26,36.0,36.0,1,1
2019-08-27,23.5,23.5,2,2
2019-08-28,26.5,26.5,1,1
2019-08-29,7.75,7.75,2,2
2019-08-30,0.0,0.0,1,1
2019-08-31,17.0,17.0,2,2
2019-09-01,0.0,0.0,1,1
2019-09-02,19.9,19.9,1,1
2019-09-07,19.400000000000002,25.2,3,3
2019-09-08,0.0,0.0,1,1
2019-09-10,13.5,13.5,1,1
2019-09-11,2.35,2.35,2,2
2019-09-13,0.0,0.0,1,1
2019-09-15,0.0,0.0,1,1
2019-09-19,8.0,8.0,2,2
2019-09-21,0.0,0.0,1,1
2019-09-23,63.0,63.0,1,1
2019-09-25,0.5,0.5,1,1
2019-09-26,12.5,12.5,1,1
2019-09-29,13.066666666666668,7.2,3,3
2019-09-30,8.25,8.25,2,2
2019-10-08,4.7,4.7,1,1
2019-10-09,1.5,1.5,1,1
2019-10-11,32.0,32.0,1,1
2019-10-17,0.0,0.0,2,2
2019-10-18,3.25,3.25,2,2
2019-10-22,42.0,42.0,1,1
2019-10-23,8.5,8.5,2,2
2019-10-26,7.5,7.5,1,1
2019-10-27,0.0,0.0,1,1
2019-10-28,11.5,11.5,2,2
2019-10-29,2.5,2.5,1,1
2019-10-30,0.0,0.0,1,1
2019-11-01,12.375,8.0,4,4
2019-11-02,1.35,1.35,2,2
2019-11-03,13.8,13.8,1,1
2019-11-04,8.6,0.0,3,3
2019-11-05,28.366666666666664,24.7,3,3
2019-11-06,55.0,55.0,1,1
2019-11-07,8.95,8.95,2,2
2019-11-08,1.3,1.3,2,2
2019-11-09,20.65,20.65,2,2
2019-11-10,0.0,0.0,1,1
2019-11-12,54.5,54.5,1,1
2019-11-14,7.25,7.25,2,2
2019-11-21,15.05,15.05,2,2
2019-11-22,19.8,19.8,2,2
2019-11-23,15.0,8.5,3,3
2019-11-24,0.0,0.0,1,1
2019-11-25,1.7,1.7,1,1
2019-11-26,10.45,10.45,2,2
2019-11-27,0.0,0.0,1,1
2019-11-28,0.75,0.75,2,2
2019-11-29,6.333333333333333,1.5,3,3
2019-11-30,1.75,1.75,2,2
2019-12-01,31.5,29.5,3,3
2019-12-02,135.0,135.0,1,1
2019-12-03,23.5,23.5,1,1
2019-12-04,9.125,0.25,4,4
2019-12-05,14.799999999999999,7.1,3,3
2019-12-06,69.36666666666666,3.1,3,3
2019-12-07,24.333333333333332,8.5,3,3
2019-12-08,1.425,0.75,4,4
2019-12-10,0.0,0.0,1,1
2019-12-11,0.8,0.8,2,2
2019-12-13,26.2,26.2,1,1
2019-12-14,8.5,6.6,3,3
2019-12-15,6.7,6.7,2,2
2019-12-16,9.9,9.9,2,2
2019-12-17,46.775,41.0,4,4
2019-12-18,43.35,46.2,4,4
2019-12-19,13.75,13.75,2,2
2019-12-20,2.2,2.2,2,2
2019-12-21,10.666666666666666,6.5,3,3
2019-12-22,6.7,2.6,3,3
2019-12-23,4.066666666666666,4.7,3,3
2019-12-24,2.5,2.5,1,1
2019-12-25,7.1000000000000005,1.6,3,3
2019-12-26,13.466666666666669,12.9,3,3
2019-12-27,48.5,48.5,1,1
2019-12-28,4.3,4.3,2,2
2020-01-01,37.605000000000004,33.0,20,20
2020-01-02,9.141666666666667,0.6,12,12
2020-01-03,10.833333333333334,0.0,6,6
2020-01-04,6.5,0.0,7,7
2020-01-05,15.385714285714286,0.0,7,7
2020-01-06,11.76923076923077,1.5,13,13
2020-01-07,4.707142857142856,0.8,14,14
2020-01-08,7.591666666666666,0.55,12,12
2020-01-09,18.0,12.5,15,15
2020-01-10,15.200000000000001,8.5,14,14
2020-01-11,6.0600000000000005,1.4,15,15
2020-01-12,16.166666666666668,6.5,12,12
2020-01-14,34.5,34.5,2,2
2020-01-15,8.416666666666666,4.0,6,6
2020-01-16,11.88888888888889,0.0,9,9
2020-01-17,23.82,15.0,10,10
2020-01-18,24.10666666666667,15.5,15,15
2020-01-19,15.35,9.85,10,10
2020-01-20,17.41,3.05,10,10
2020-01-21,16.207692307692305,7.5,13,13
2020-01-22,18.018181818181816,5.2,11,11
2020-01-23,31.30625,30.200000000000003,16,16
2020-01-24,14.166666666666666,7.5,12,12
2020-01-25,25.63157894736842,22.5,19,19
2020-01-26,28.10625,33.35,16,16
2020-01-27,11.821428571428571,5.65,14,14
2020-01-28,13.738461538461538,5.5,13,13
2020-01-29,3.6714285714285713,2.0,14,14
2020-01-30,20.263636363636365,17.5,11,11
2020-01-31,8.35,3.55,10,10
2020-02-01,6.1,6.5,5,5
2020-02-02,10.200000000000001,5.35,6,6
2020-02-03,2.9285714285714284,0.0,7,7
2020-02-04,19.799999999999997,12.5,9,9
2020-02-05,38.73571428571428,41.4,14,14
2020-02-06,37.839999999999996,35.25,10,10
2020-02-07,38.2625,34.0,8,8
2020-02-08,28.575,24.5,8,8
2020-02-09,1.7600000000000002,2.5,5,5
2020-02-10,22.900000000000002,9.0,12,12
2020-02-11,11.357142857142858,3.5,7,7
2020-02-12,13.180000000000001,9.4,10,10
2020-02-13,31.383333333333336,16.0,6,6
2020-02-14,26.41818181818182,7.5,11,11
2020-02-15,36.28,29.4,5,5
2020-02-16,31.083333333333332,30.0,12,12
2020-02-17,37.6,40.0,5,5
2020-02-18,29.45,30.5,6,6
2020-02-19,20.9875,14.0,8,8
2020-02-20,13.41,7.0,10,10
2020-02-21,9.857142857142858,7.5,7,7
2020-02-22,9.083333333333334,0.25,12,12
2020-02-23,21.25,6.5,8,8
2020-02-24,34.285714285714285,14.5,7,7
2020-02-25,20.557142857142857,12.4,7,7
2020-02-26,7.3,7.0,6,6
2020-02-27,8.799999999999999,1.65,6,6
2020-02-28,18.400000000000002,18.5,7,7
2020-02-29,32.88181818181818,35.5,11,11
2020-03-01,12.120000000000001,7.5,5,5
2020-03-02,5.5,0.0,7,7
2020-03-03,3.7,0.0,5,5
2020-03-04,18.9,9.9,6,6
2020-03-05,21.2,17.5,7,7
2020-03-06,11.3,1.6,4,4
2020-03-07,28.4,28.4,2,2
2020-03-08,17.5,9.0,4,4
2020-03-09,2.375,2.5,4,4
2020-03-10,1.25,1.25,2,2
2020-03-11,1.8142857142857143,0.0,7,7
2020-03-12,18.925,19.35,4,4
2020-03-13,27.3,22.2,3,3
2020-03-14,8.8125,2.25,8,8
2020-03-15,21.233333333333334,22.1,3,3
2020-03-16,22.5,9.5,7,7
2020-03-17,12.175,11.6,4,4
2020-03-18,5.0,1.5,3,3
2020-03-19,24.05,21.75,6,6
2020-03-20,24.279999999999998,11.8,5,5
2020-03-21,49.21666666666667,36.9,6,6
2020-03-22,8.885714285714286,0.0,7,7
2020-03-23,11.0,12.5,3,3
2020-03-24,52.0,52.0,1,1
2020-03-25,21.0,26.0,4,4
2020-03-26,20.425,15.5,4,4
2020-03-27,10.883333333333333,3.65,6,6
2020-03-28,2.7399999999999998,2.5,5,5
2020-03-29,11.24,6.2,5,5
2020-03-30,3.5,2.75,4,4
2020-03-31,9.875,5.0,8,8
2020-04-01,27.650000000000002,10.0,6,6
2020-04-02,1.3,1.3,2,2
2020-04-03,17.6,17.6,2,2
2020-04-04,7.833333333333333,9.5,3,3
2020-04-05,24.0,28.9,5,5
2020-04-06,10.05,3.1,4,4
2020-04-07,26.35,7.5,4,4
2020-04-08,5.449999999999999,5.449999999999999,2,2
2020-04-09,20.48,8.4,5,5
2020-04-10,4.1,1.5,7,7
2020-04-11,55.84285714285714,11.5,7,7
2020-04-12,2.775,3.0,4,4
2020-04-13,10.6,10.6,2,2
2020-04-14,6.0,1.25,4,4
2020-04-15,7.166666666666667,0.0,3,3
2020-04-16,0.0,0.0,3,3
2020-04-17,16.216666666666665,12.0,6,6
2020-04-18,12.95,12.95,2,2
2020-04-19,10.2,8.65,4,4
2020-04-20,13.575,16.4,4,4
2020-04-21,3.22,4.5,5,5
2020-04-22,5.5,3.5,5,5
2020-04-23,0.0,0.0,1,1
2020-04-24,1.75,1.75,2,2
2020-04-26,0.0,0.0,2,2
2020-04-27,0.0,0.0,2,2
2020-04-28,0.65,0.65,2,2
2020-04-29,23.45,17.85,6,6
2020-04-30,10.375,4.25,4,4
2020-05-01,32.125,23.5,4,4
2020-05-02,31.25,31.25,2,2
2020-05-03,16.25,16.25,2,2
2020-05-04,4.25,4.25,2,2
2020-05-05,7.45,7.45,2,2
2020-05-06,8.459999999999999,2.5,5,5
2020-05-07,0.0,0.0,1,1
2020-05-08,1.3,1.3,1,1
2020-05-10,21.066666666666666,6.2,3,3
2020-05-11,22.833333333333332,3.5,3,3
2020-05-12,8.0,4.1,4,4
2020-05-13,16.7,17.4,4,4
2020-05-14,28.0,28.0,2,2
2020-05-15,9.5,9.5,1,1
2020-05-17,1.125,0.0,4,4
2020-05-18,20.46666666666667,8.2,3,3
2020-05-19,15.549999999999999,13.1,4,4
2020-05-20,9.6,1.3,3,3
2020-05-21,36.8,49.0,5,5
2020-05-22,3.6,3.6,2,2
2020-05-24,13.666666666666666,11.5,3,3
2020-05-25,42.0,42.0,2,2
2020-05-26,14.833333333333334,17.5,3,3
2020-05-27,49.9,15.5,3,3
2020-05-28,16.5,16.5,1,1
2020-05-29,12.36,5.5,5,5
2020-05-30,4.5,4.5,1,1
2020-05-31,27.2,27.2,1,1
2020-06-01,7.5,7.5,1,1
2020-06-02,0.5,0.5,1,1
2020-06-03,2.5,0.0,3,3
2020-06-04,0.0,0.0,1,1
2020-06-05,19.733333333333334,4.7,3,3
2020-06-06,8.0,8.0,2,2
2020-06-07,2.65,2.65,2,2
2020-06-08,2.1,2.1,1,1
2020-06-09,6.1,6.1,1,1
2020-06-10,0.0,0.0,1,1
2020-06-11,16.866666666666667,11.1,3,3
2020-06-12,31.5,31.5,1,1
2020-06-13,5.5,5.5,2,2
2020-06-15,0.75,0.75,2,2
2020-06-17,6.633333333333333,5.5,3,3
2020-06-18,0.7,0.7,1,1
2020-06-19,3.75,3.75,2,2
2020-06-20,5.5,5.5,1,1
2020-06-21,15.033333333333333,1.1,3,3
2020-06-22,2.825,2.25,4,4
2020-06-23,31.733333333333334,35.0,3,3
2020-06-24,2.8333333333333335,0.0,3,3
2020-06-25,1.5,1.5,1,1
2020-06-26,0.0,0.0,1,1
2020-06-27,0.0,0.0,1,1
2020-06-29,0.0,0.0,1,1
2020-07-02,1.5,1.5,2,2
2020-07-03,8.166666666666666,9.5,3,3
2020-07-04,36.0,36.0,1,1
2020-07-05,43.5,43.5,1,1
2020-07-06,2.4,2.4,1,1
2020-07-07,7.2,7.2,1,1
2020-07-11,0.0,0.0,1,1
2020-07-12,2.5,2.5,1,1
2020-07-13,0.0,0.0,1,1
2020-07-14,0.75,0.75,2,2
2020-07-15,13.75,13.75,2,2
2020-07-16,0.0,0.0,1,1
2020-07-17,2.3,2.3,2,2
2020-07-19,10.5,10.5,1,1
2020-07-20,16.5,16.5,2,2
2020-07-21,3.5,3.5,1,1
2020-07-24,4.0,4.0,2,2
2020-07-25,22.5,22.5,1,1
2020-07-27,21.5,21.5,1,1
2020-07-28,2.5,2.5,1,1
2020-07-29,0.0,0.0,1,1
2020-07-31,5.75,2.25,4,4
2020-08-03,0.0,0.0,1,1
2020-08-04,32.25,32.25,2,2
2020-08-06,6.083333333333333,7.25,3,3
2020-08-07,1.5,1.5,1,1
2020-08-09,0.0,0.0,1,1
2020-08-12,11.375,5.5,4,4
2020-08-13,0.0,0.0,2,2
2020-08-14,8.875,6.0,4,4
2020-08-15,1.1666666666666667,0.0,3,3
2020-08-16,0.0,0.0,1,1
2020-08-17,6.25,6.25,2,2
2020-08-19,41.5,41.5,1,1
2020-08-20,0.0,0.0,1,1
2020-08-21,39.0,39.0,1,1
2020-08-22,45.0,45.0,1,1
2020-08-24,4.8,4.8,1,1
2020-08-26,15.25,15.25,2,2
2020-08-28,18.5,18.5,1,1
2020-08-30,47.0,47.0,1,1
2020-09-01,35.0,35.0,1,1
2020-09-02,22.5,22.5,2,2
2020-09-03,0.0,0.0,2,2
2020-09-06,0.0,0.0,1,1
2020-09-09,0.75,0.75,2,2
2020-09-14,0.65,0.65,2,2
2020-09-17,18.0,18.0,2,2
2020-09-18,10.5,10.5,1,1
2020-09-19,0.0,0.0,1,1
2020-09-20,8.75,8.75,2,2
2020-09-21,6.975,7.1,4,4
2020-09-22,13.15,4.5,4,4
2020-09-23,6.5,5.5,3,3
2020-09-24,0.0,0.0,1,1
2020-09-25,0.5,0.5,1,1
2020-09-26,34.0,34.0,2,2
2020-09-27,5.4399999999999995,2.7,5,5
2020-09-28,21.75,21.75,2,2
2020-09-29,24.5,24.5,1,1
2020-09-30,1.5,1.5,1,1
2020-10-01,2.5,2.5,1,1
2020-10-02,0.0,0.0,2,2
2020-10-03,0.0,0.0,1,1
2020-10-04,0.0,0.0,1,1
2020-10-05,0.0,0.0,1,1
2020-10-07,1.5,1.5,1,1
2020-10-08,0.0,0.0,1,1
2020-10-09,0.0,0.0,1,1
2020-10-10,4.5,4.5,1,1
2020-10-12,10.0,10.0,2,2
2020-10-16,5.5,5.5,1,1
2020-10-17,3.6666666666666665,1.5,3,3
2020-10-18,0.0,0.0,1,1
2020-10-19,16.2,16.2,2,2
2020-10-20,26.1,24.95,4,4
2020-10-21,54.525,52.5,4,4
2020-10-22,22.25,23.0,4,4
2020-10-23,12.5,12.5,1,1
2020-10-24,65.0,65.0,1,1
2020-10-25,5.5,5.5,1,1
2020-10-26,1.95,1.95,2,2
2020-10-27,21.833333333333332,20.5,3,3
2020-10-28,0.0,0.0,1,1
2020-10-29,1.7,0.5,5,5
2020-10-30,10.5,10.5,1,1
2020-11-01,11.375,6.0,4,4
2020-11-03,0.0,0.0,1,1
2020-11-06,0.0,0.0,1,1
2020-11-08,0.0,0.0,2,2
2020-11-09,0.0,0.0,1,1
2020-11-11,1.5,1.5,1,1
2020-11-14,0.5,0.5,1,1
2020-11-15,0.0,0.0,1,1
2020-11-19,0.0,0.0,1,1
2020-11-20,0.0,0.0,1,1
2020-11-21,7.4,7.4,2,2
2020-11-22,14.6,14.6,2,2
2020-11-23,8.25,8.25,2,2
2020-11-25,0.0,0.0,1,1
2020-11-27,0.0,0.0,1,1
2020-11-28,2.4,2.4,1,1
2020-11-29,4.0,0.75,4,4
2020-12-01,8.75,8.75,2,2
2020-12-05,0.0,0.0,1,1
2020-12-07,0.0,0.0,1,1
2020-12-08,0.0,0.0,2,2
2020-12-09,0.9,0.9,2,2
2020-12-14,3.0,3.0,2,2
2020-12-15,14.6,14.6,1,1
2020-12-16,6.5,6.5,1,1
2020-12-17,77.0,77.0,1,1
2020-12-18,3.7,3.7,1,1
2020-12-19,7.75,7.75,2,2
2020-12-21,0.0,0.0,1,1
2020-12-22,0.0,0.0,2,2
2020-12-25,0.0,0.0,1,1
2020-12-26,1.6,1.6,1,1
2020-12-27,2.5,2.5,1,1
2020-12-29,2.75,2.75,2,2
2021-01-01,0.7142857142857143,0.0,7,7
2021-01-02,2.55,1.0,10,10
2021-01-03,9.764285714285714,4.6,14,14
2021-01-04,19.308333333333334,6.75,12,12
2021-01-05,7.083333333333333,1.25,12,12
2021-01-06,10.583333333333334,1.75,6,6
2021-01-07,19.95,10.5,10,10
2021-01-08,4.05,1.5,10,10
2021-01-09,18.290000000000003,9.5,15,15
2021-01-10,33.970454545454544,33.9,22,22
2021-01-11,19.192307692307693,13.5,13,13
2021-01-12,7.913333333333333,1.5,15,15
2021-01-13,16.458333333333332,10.5,12,12
2021-01-14,8.7,4.0,10,10
2021-01-15,18.61111111111111,5.5,9,9
2021-01-16,31.5125,16.0,8,8
2021-01-17,6.625,1.0,8,8
2021-01-18,8.85,3.0,10,10
2021-01-19,19.285714285714285,8.5,14,14
2021-01-20,7.961538461538462,3.0,13,13
2021-01-21,10.5625,7.25,8,8
2021-01-22,17.527272727272727,5.5,11,11
2021-01-23,9.722222222222221,4.5,9,9
2021-01-24,4.818181818181818,0.0,11,11
2021-01-25,7.283333333333333,2.5,18,18
2021-01-26,12.227272727272727,10.5,11,11
2021-01-27,11.464285714285714,5.0,14,14
2021-01-28,8.0625,3.75,8,8
2021-01-29,13.321428571428571,4.75,14,14
2021-01-30,19.75,9.75,10,10
2021-01-31,13.11111111111111,1.5,9,9
2021-02-01,4.7,4.1,6,6
2021-02-02,14.0,8.75,8,8
2021-02-03,13.975,8.25,8,8
2021-02-04,8.542857142857143,7.3,7,7
2021-02-05,14.123076923076923,13.5,13,13
2021-02-06,20.427272727272726,11.5,11,11
2021-02-07,34.5,50.5,3,3
2021-02-08,40.09090909090909,17.5,11,11
2021-02-09,16.5,10.0,9,9
2021-02-10,15.6,2.5,10,10
2021-02-11,10.071428571428571,2.5,7,7
2021-02-12,0.25,0.25,2,2
2021-02-13,2.0,1.5,3,3
2021-02-14,3.5,3.5,2,2
2021-02-15,0.0,0.0,3,3
2021-02-16,2.1666666666666665,0.0,6,6
2021-02-17,5.0,1.75,4,4
2021-02-18,12.3,0.0,5,5
2021-02-19,16.84,3.7,5,5
2021-02-20,17.583333333333332,18.5,6,6
2021-02-21,47.875,39.75,4,4
2021-02-22,9.0,0.0,4,4
2021-02-23,6.666666666666667,0.5,6,6
2021-02-24,1.1875,0.0,8,8
2021-02-25,17.52,1.5,5,5
2021-02-26,1.25,1.25,2,2
2021-02-27,10.839999999999998,3.5,3,3
2021-02-28,38.0,36.75,4,4
2021-03-01,15.333333333333334,3.5,3,3
2021-03-02,9.8,3.5,5,5
2021-03-03,11.4,5.0,5,5
2021-03-04,12.7,12.0,5,5
2021-03-05,12.75,6.5,6,6
2021-03-06,2.0,2.25,4,4
2021-03-07,1.875,2.0,4,4
2021-03-08,13.875,10.5,8,8
2021-03-09,10.9,4.5,5,5
2021-03-10,3.8333333333333335,4.0,3,3
2021-03-11,16.0,14.0,6,6
2021-03-12,4.7,1.5,5,5
2021-03-13,6.625,3.0,4,4
2021-03-14,2.1,0.5,5,5
2021-03-15,10.666666666666666,0.0,3,3
2021-03-16,13.285714285714286,5.5,7,7
2021-03-17,12.125,10.25,4,4
2021-03-18,23.0,4.0,4,4
2021-03-19,8.9,3.5,5,5
2021-03-20,11.875,13.25,4,4
2021-03-21,7.0,3.75,6,6
2021-03-22,30.833333333333332,37.5,3,3
2021-03-23,8.875,5.5,8,8
2021-03-24,23.6875,19.5,8,8
2021-03-25,24.5,20.5,7,7
2021-03-26,29.25,36.5,4,4
2021-03-27,13.0,9.0,7,7
2021-03-28,21.1875,18.5,8,8
2021-03-29,0.75,0.0,6,6
2021-03-30,2.5,2.5,1,1
2021-03-31,8.125,6.5,4,4
2021-04-01,14.714285714285714,0.0,7,7
2021-04-02,16.25,0.0,4,4
2021-04-03,12.583333333333334,8.5,6,6
2021-04-04,2.8333333333333335,3.0,3,3
2021-04-05,23.928571428571427,0.5,7,7
2021-04-06,2.125,1.5,4,4
2021-04-07,16.125,7.0,4,4
2021-04-08,0.5,0.5,2,2
2021-04-09,11.375,4.5,4,4
2021-04-10,9.0,9.0,1,1
2021-04-11,16.571428571428573,6.5,7,7
2021-04-12,10.5,4.0,4,4
2021-04-13,14.3,13.0,5,5
2021-04-14,9.48,8.5,5,5
2021-04-15,3.7857142857142856,1.5,7,7
2021-04-16,17.833333333333332,11.0,3,3
2021-04-18,0.75,0.75,2,2
2021-04-19,9.5,5.25,4,4
2021-04-20,4.0,4.0,1,1
2021-04-21,0.0,0.0,2,2
2021-04-22,15.5,15.5,1,1
2021-04-23,12.5,0.5,4,4
2021-04-24,11.75,10.25,4,4
2021-04-25,0.25,0.25,2,2
2021-04-27,5.5,5.5,2,2
2021-04-28,12.0,3.0,5,5
2021-04-29,31.166666666666668,45.0,3,3
2021-04-30,28.5,28.5,1,1
2021-05-01,6.5,6.5,2,2
2021-05-02,28.5,28.5,1,1
2021-05-04,22.0,19.75,4,4
2021-05-05,7.416666666666667,4.75,6,6
2021-05-06,48.333333333333336,47.0,3,3
2021-05-07,33.725,39.75,4,4
2021-05-08,19.5,19.5,1,1
2021-05-09,7.5,7.5,1,1
2021-05-10,4.5,4.5,1,1
2021-05-11,20.333333333333332,19.5,3,3
2021-05-12,18.5,7.0,4,4
2021-05-13,22.5,8.5,5,5
2021-05-14,13.0,6.0,3,3
2021-05-15,27.333333333333332,13.5,3,3
2021-05-16,23.75,21.25,4,4
2021-05-17,6.75,6.75,2,2
2021-05-19,9.833333333333334,0.0,3,3
2021-05-20,1.1666666666666667,1.0,3,3
2021-05-21,0.9,0.0,5,5
2021-05-22,14.875,7.0,4,4
2021-05-23,4.125,3.25,4,4
2021-05-24,54.9,57.0,5,5
2021-05-25,8.0,5.75,4,4
2021-05-26,19.5,19.5,1,1
2021-05-27,10.5,10.5,1,1
2021-05-28,4.5,4.5,2,2
2021-05-29,1.25,1.25,2,2
2021-05-30,9.5,9.5,1,1
2021-05-31,3.25,3.25,2,2
2021-06-01,36.0,37.25,4,4
2021-06-02,10.0,0.0,4,4
2021-06-03,20.5,20.5,2,2
2021-06-04,7.625,3.0,4,4
2021-06-05,16.5,16.5,1,1
2021-06-06,11.0,11.0,2,2
2021-06-07,1.75,1.75,2,2
2021-06-08,8.5,8.5,1,1
2021-06-09,4.0,4.0,1,1
2021-06-10,10.75,10.75,2,2
2021-06-11,23.714285714285715,19.5,7,7
2021-06-12,9.125,6.0,4,4
2021-06-13,22.5,0.5,3,3
2021-06-14,30.25,30.25,2,2
2021-06-15,0.0,0.0,1,1
2021-06-16,0.0,0.0,4,4
2021-06-17,10.5,10.5,2,2
2021-06-18,18.166666666666668,16.5,3,3
2021-06-19,23.875,23.25,4,4
2021-06-20,27.75,20.75,4,4
2021-06-21,5.333333333333333,3.0,6,6
2021-06-22,1.5,1.5,2,2
2021-06-23,2.625,2.75,4,4
2021-06-24,1.25,1.25,2,2
2021-06-25,0.0,0.0,3,3
2021-06-26,0.0,0.0,2,2
2021-06-27,27.25,27.25,2,2
2021-06-28,0.75,0.75,2,2
2021-06-29,0.0,0.0,1,1
2021-07-01,5.5,4.75,4,4
2021-07-02,40.5,40.5,1,1
2021-07-04,0.0,0.0,1,1
2021-07-05,26.0,26.0,2,2
2021-07-07,4.25,4.25,2,2
2021-07-09,2.0,2.0,2,2
2021-07-10,19.5,19.5,2,2
2021-07-11,49.5,49.5,2,2
2021-07-12,41.0,41.0,1,1
2021-07-13,0.0,0.0,1,1
2021-07-15,58.25,58.25,2,2
2021-07-16,45.0,45.0,1,1
2021-07-17,46.5,46.5,1,1
2021-07-18,19.0,19.0,1,1
2021-07-19,7.0,5.5,4,4
2021-07-20,0.75,0.75,2,2
2021-07-21,5.5,5.5,2,2
2021-07-22,0.0,0.0,1,1
2021-07-23,8.75,8.75,2,2
2021-07-26,4.25,4.25,2,2
2021-07-28,0.0,0.0,1,1
2021-07-29,1.5,1.5,1,1
2021-07-31,0.0,0.0,1,1
2021-08-02,43.0,43.0,1,1
2021-08-03,35.0,35.0,1,1
2021-08-05,1.25,1.25,2,2
2021-08-06,43.5,43.5,1,1
2021-08-07,0.0,0.0,1,1
2021-08-08,3.75,3.75,2,2
2021-08-09,13.75,9.25,4,4
2021-08-10,47.0,47.0,1,1
2021-08-11,35.25,35.25,2,2
2021-08-12,4.5,4.5,2,2
2021-08-13,5.5,5.5,1,1
2021-08-14,4.25,4.25,2,2
2021-08-15,18.5,18.5,1,1
2021-08-16,0.0,0.0,2,2
2021-08-17,5.5,5.5,2,2
2021-08-18,16.5,16.5,2,2
2021-08-19,17.666666666666668,0.0,3,3
2021-08-20,10.5,3.25,6,6
2021-08-21,9.2,0.0,5,5
2021-08-23,0.0,0.0,1,1
2021-08-26,5.5,5.5,1,1
2021-08-28,40.0,40.0,1,1
2021-08-29,9.0,9.0,1,1
2021-08-30,0.5,0.5,1,1
2021-09-01,0.0,0.0,1,1
2021-09-04,10.5,10.5,1,1
2021-09-07,1.0,1.0,1,1
2021-09-08,2.0,0.5,3,3
2021-09-09,2.0,2.0,1,1
2021-09-10,36.5,36.5,1,1
2021-09-11,23.5,23.5,1,1
2021-09-12,67.0,67.0,2,2
2021-09-13,38.5,38.5,2,2
2021-09-14,5.25,5.25,2,2
2021-09-15,5.666666666666667,5.5,3,3
2021-09-16,1.0,1.0,1,1
2021-09-19,0.0,0.0,1,1
2021-09-20,12.166666666666666,2.5,3,3
2021-09-21,0.0,0.0,1,1
2021-09-23,26.5,26.5,1,1
2021-09-25,20.0,8.5,3,3
2021-09-26,37.0,37.0,2,2
2021-09-28,3.5,3.5,1,1
2021-09-29,29.75,29.75,2,2
2021-09-30,0.0,0.0,1,1
2021-10-01,0.0,0.0,1,1
2021-10-02,7.5,7.5,1,1
2021-10-03,24.5,10.5,3,3
2021-10-04,5.0,5.0,2,2
2021-10-05,21.5,21.5,1,1
2021-10-07,5.0,5.0,2,2
2021-10-08,4.5,4.5,1,1
2021-10-11,50.0,50.0,1,1
2021-10-13,2.5,2.5,2,2
2021-10-15,17.5,17.5,1,1
2021-10-16,0.0,0.0,1,1
2021-10-19,52.25,52.25,2,2
2021-10-20,34.833333333333336,23.5,3,3
2021-10-21,0.0,0.0,1,1
2021-10-23,13.5,13.5,1,1
2021-10-24,0.0,0.0,1,1
2021-10-25,4.75,4.75,2,2
2021-10-26,0.0,0.0,2,2
2021-10-27,35.875,37.5,4,4
2021-10-28,5.5,1.25,4,4
2021-10-29,33.75,33.75,2,2
2021-10-30,22.75,22.75,2,2
2021-11-01,36.0,26.5,5,5
2021-11-02,31.75,31.75,2,2
2021-11-03,30.0,39.0,3,3
2021-11-07,51.5,51.5,1,1
2021-11-08,15.5,15.5,1,1
2021-11-09,35.166666666666664,45.5,3,3
2021-11-10,21.833333333333332,17.5,3,3
2021-11-11,0.75,0.75,2,2
2021-11-12,44.0,44.0,1,1
2021-11-13,16.5,16.5,2,2
2021-11-14,30.5,30.5,1,1
2021-11-16,39.75,39.75,2,2
2021-11-19,34.0,34.0,1,1
2021-11-20,0.0,0.0,1,1
2021-11-24,21.5,21.5,1,1
2021-11-25,55.625,60.0,4,4
2021-11-26,17.5,17.5,2,2
2021-11-27,18.55,18.55,2,2
2021-11-28,0.0,0.0,2,2
2021-11-29,32.75,32.75,2,2
2021-12-01,22.0,22.0,2,2
2021-12-03,0.0,0.0,1,1
2021-12-05,1.5,1.5,1,1
2021-12-09,32.0,36.0,3,3
2021-12-10,1.5,1.5,1,1
2021-12-11,4.75,4.75,2,2
2021-12-13,40.0,40.0,1,1
2021-12-16,22.5,22.5,1,1
2021-12-22,38.5,38.5,1,1
2021-12-23,37.5,37.5,1,1
2021-12-25,19.75,19.75,2,2
2021-12-27,0.0,0.0,1,1
2021-12-28,0.0,0.0,1,1
