Date,Rainfall_mm,Station
2024-01-01,0,ST-BDG-01
2024-01-02,15.6,ST-BDG-01
2024-01-03,54.8,ST-BDG-01
2024-01-04,0,ST-BDG-01
2024-01-05,40.5,ST-BDG-01
2024-01-06,0,ST-BDG-01
2024-01-07,4.5,ST-BDG-01
2024-01-08,0.4,ST-BDG-01
2024-01-09,0.1,ST-BDG-01
2024-01-10,0.4,ST-BDG-01
2024-01-11,9.6,ST-BDG-01
2024-01-12,94.2,ST-BDG-01
2024-01-13,0,ST-BDG-01
2024-01-14,4.7,ST-BDG-01
2024-01-15,67.7,ST-BDG-01
2024-01-16,0,ST-BDG-01
2024-01-17,109.7,ST-BDG-01
2024-01-18,3.4,ST-BDG-01
2024-01-19,0,ST-BDG-01
2024-01-20,0,ST-BDG-01
2024-01-21,0,ST-BDG-01
2024-01-22,125.8,ST-BDG-01
2024-01-23,27.3,ST-BDG-01
2024-01-24,89.8,ST-BDG-01
2024-01-25,0,ST-BDG-01
2024-01-26,0.6,ST-BDG-01
2024-01-27,2.1,ST-BDG-01
2024-01-28,0,ST-BDG-01
2024-01-29,10.9,ST-BDG-01
2024-01-30,49.8,ST-BDG-01
2024-01-31,16.1,ST-BDG-01
2024-02-01,91.4,ST-BDG-01
2024-02-02,18.2,ST-BDG-01
2024-02-03,3.6,ST-BDG-01
2024-02-04,57.6,ST-BDG-01
2024-02-05,0.0,ST-BDG-01
2024-02-06,1.2,ST-BDG-01
2024-02-07,5.0,ST-BDG-01
2024-02-08,1.5,ST-BDG-01
2024-02-09,9.9,ST-BDG-01
2024-02-10,102.3,ST-BDG-01
2024-02-11,83.2,ST-BDG-01
2024-02-12,35.2,ST-BDG-01
2024-02-13,0,ST-BDG-01
2024-02-14,24.2,ST-BDG-01
2024-02-15,0,ST-BDG-01
2024-02-16,0,ST-BDG-01
2024-02-17,110.3,ST-BDG-01
2024-02-18,136.3,ST-BDG-01
2024-02-19,91.7,ST-BDG-01
2024-02-20,38.2,ST-BDG-01
2024-02-21,129.5,ST-BDG-01
2024-02-22,0.0,ST-BDG-01
2024-02-23,46.5,ST-BDG-01
2024-02-24,1.2,ST-BDG-01
2024-02-25,5.1,ST-BDG-01
2024-02-26,7.1,ST-BDG-01
2024-02-27,0,ST-BDG-01
2024-02-28,42.7,ST-BDG-01
2024-02-29,0,ST-BDG-01
2024-03-01,0,ST-BDG-01
2024-03-02,7.1,ST-BDG-01
2024-03-03,0,ST-BDG-01
2024-03-04,0,ST-BDG-01
2024-03-05,0,ST-BDG-01
2024-03-06,0,ST-BDG-01
2024-03-07,18.4,ST-BDG-01
2024-03-08,30.3,ST-BDG-01
2024-03-09,0,ST-BDG-01
2024-03-10,0,ST-BDG-01
2024-03-11,78.1,ST-BDG-01
2024-03-12,29.3,ST-BDG-01
2024-03-13,0,ST-BDG-01
2024-03-14,1.7,ST-BDG-01
2024-03-15,0,ST-BDG-01
2024-03-16,14.0,ST-BDG-01
2024-03-17,0.1,ST-BDG-01
2024-03-18,0,ST-BDG-01
2024-03-19,7.4,ST-BDG-01
2024-03-20,0,ST-BDG-01
2024-03-21,1.9,ST-BDG-01
2024-03-22,0,ST-BDG-01
2024-03-23,2.9,ST-BDG-01
2024-03-24,0,ST-BDG-01
2024-03-25,12.4,ST-BDG-01
2024-03-26,53.0,ST-BDG-01
2024-03-27,11.3,ST-BDG-01
2024-03-28,25.0,ST-BDG-01
2024-03-29,23.3,ST-BDG-01
2024-03-30,0,ST-BDG-01
2024-03-31,66.5,ST-BDG-01
2024-04-01,22.6,ST-BDG-01
2024-04-02,12.1,ST-BDG-01
2024-04-03,0,ST-BDG-01
2024-04-04,0,ST-BDG-01
2024-04-05,64.5,ST-BDG-01
2024-04-06,67.6,ST-BDG-01
2024-04-07,0,ST-BDG-01
2024-04-08,3.1,ST-BDG-01
2024-04-09,1.1,ST-BDG-01
2024-04-10,1.5,ST-BDG-01
2024-04-11,0,ST-BDG-01
2024-04-12,0,ST-BDG-01
2024-04-13,0,ST-BDG-01
2024-04-14,0,ST-BDG-01
2024-04-15,0,ST-BDG-01
2024-04-16,23.9,ST-BDG-01
2024-04-17,12.2,ST-BDG-01
2024-04-18,68.8,ST-BDG-01
2024-04-19,40.0,ST-BDG-01
2024-04-20,5.1,ST-BDG-01
2024-04-21,0,ST-BDG-01
2024-04-22,0,ST-BDG-01
2024-04-23,21.1,ST-BDG-01
2024-04-24,0,ST-BDG-01
2024-04-25,70.1,ST-BDG-01
2024-04-26,2.0,ST-BDG-01
2024-04-27,0,ST-BDG-01
2024-04-28,11.5,ST-BDG-01
2024-04-29,46.7,ST-BDG-01
2024-04-30,26.9,ST-BDG-01
2024-05-01,0,ST-BDG-01
2024-05-02,0,ST-BDG-01
2024-05-03,0,ST-BDG-01
2024-05-04,0,ST-BDG-01
2024-05-05,0,ST-BDG-01
2024-05-06,0,ST-BDG-01
2024-05-07,0,ST-BDG-01
2024-05-08,0,ST-BDG-01
2024-05-09,0,ST-BDG-01
2024-05-10,0,ST-BDG-01
2024-05-11,0,ST-BDG-01
2024-05-12,0,ST-BDG-01
2024-05-13,0,ST-BDG-01
2024-05-14,0,ST-BDG-01
2024-05-15,0,ST-BDG-01
2024-05-16,0,ST-BDG-01
2024-05-17,0,ST-BDG-01
2024-05-18,0,ST-BDG-01
2024-05-19,0,ST-BDG-01
2024-05-20,0,ST-BDG-01
2024-05-21,0,ST-BDG-01
2024-05-22,0,ST-BDG-01
2024-05-23,0,ST-BDG-01
2024-05-24,15.1,ST-BDG-01
2024-05-25,0,ST-BDG-01
2024-05-26,0,ST-BDG-01
2024-05-27,0,ST-BDG-01
2024-05-28,0,ST-BDG-01
2024-05-29,0,ST-BDG-01
2024-05-30,0,ST-BDG-01
2024-05-31,0,ST-BDG-01
2024-06-01,1.7,ST-BDG-01
2024-06-02,0.0,ST-BDG-01
2024-06-03,0,ST-BDG-01
2024-06-04,0,ST-BDG-01
2024-06-05,0,ST-BDG-01
2024-06-06,0,ST-BDG-01
2024-06-07,0,ST-BDG-01
2024-06-08,0,ST-BDG-01
2024-06-09,0,ST-BDG-01
2024-06-10,0,ST-BDG-01
2024-06-11,0,ST-BDG-01
2024-06-12,0,ST-BDG-01
2024-06-13,0,ST-BDG-01
2024-06-14,0,ST-BDG-01
2024-06-15,0,ST-BDG-01
2024-06-16,9.2,ST-BDG-01
2024-06-17,2.0,ST-BDG-01
2024-06-18,0,ST-BDG-01
2024-06-19,0,ST-BDG-01
2024-06-20,0,ST-BDG-01
2024-06-21,0,ST-BDG-01
2024-06-22,0,ST-BDG-01
2024-06-23,0,ST-BDG-01
2024-06-24,0,ST-BDG-01
2024-06-25,0,ST-BDG-01
2024-06-26,0,ST-BDG-01
2024-06-27,0,ST-BDG-01
2024-06-28,0,ST-BDG-01
2024-06-29,16.5,ST-BDG-01
2024-06-30,0,ST-BDG-01
2024-07-01,0,ST-BDG-01
2024-07-02,0,ST-BDG-01
2024-07-03,0,ST-BDG-01
2024-07-04,4.6,ST-BDG-01
2024-07-05,18.1,ST-BDG-01
2024-07-06,0,ST-BDG-01
2024-07-07,0,ST-BDG-01
2024-07-08,1.3,ST-BDG-01
2024-07-09,0,ST-BDG-01
2024-07-10,0.0,ST-BDG-01
2024-07-11,0,ST-BDG-01
2024-07-12,0,ST-BDG-01
2024-07-13,0,ST-BDG-01
2024-07-14,0,ST-BDG-01
2024-07-15,0,ST-BDG-01
2024-07-16,5.6,ST-BDG-01
2024-07-17,0,ST-BDG-01
2024-07-18,0,ST-BDG-01
2024-07-19,0,ST-BDG-01
2024-07-20,0,ST-BDG-01
2024-07-21,0,ST-BDG-01
2024-07-22,0,ST-BDG-01
2024-07-23,0,ST-BDG-01
2024-07-24,0,ST-BDG-01
2024-07-25,0,ST-BDG-01
2024-07-26,0,ST-BDG-01
2024-07-27,2.4,ST-BDG-01
2024-07-28,0,ST-BDG-01
2024-07-29,0,ST-BDG-01
2024-07-30,0,ST-BDG-01
2024-07-31,0,ST-BDG-01
2024-08-01,0,ST-BDG-01
2024-08-02,0,ST-BDG-01
2024-08-03,0,ST-BDG-01
2024-08-04,0,ST-BDG-01
2024-08-05,0,ST-BDG-01
2024-08-06,13.7,ST-BDG-01
2024-08-07,4.8,ST-BDG-01
2024-08-08,0,ST-BDG-01
2024-08-09,0,ST-BDG-01
2024-08-10,0,ST-BDG-01
2024-08-11,0,ST-BDG-01
2024-08-12,0,ST-BDG-01
2024-08-13,2.2,ST-BDG-01
2024-08-14,0,ST-BDG-01
2024-08-15,0.0,ST-BDG-01
2024-08-16,0,ST-BDG-01
2024-08-17,0,ST-BDG-01
2024-08-18,0,ST-BDG-01
2024-08-19,0,ST-BDG-01
2024-08-20,0,ST-BDG-01
2024-08-21,0.0,ST-BDG-01
2024-08-22,0,ST-BDG-01
2024-08-23,0,ST-BDG-01
2024-08-24,0,ST-BDG-01
2024-08-25,0,ST-BDG-01
2024-08-26,0,ST-BDG-01
2024-08-27,0,ST-BDG-01
2024-08-28,0,ST-BDG-01
2024-08-29,0,ST-BDG-01
2024-08-30,3.8,ST-BDG-01
2024-08-31,0,ST-BDG-01
2024-09-01,5.0,ST-BDG-01
2024-09-02,0,ST-BDG-01
2024-09-03,0.5,ST-BDG-01
2024-09-04,0,ST-BDG-01
2024-09-05,3.4,ST-BDG-01
2024-09-06,0,ST-BDG-01
2024-09-07,2.6,ST-BDG-01
2024-09-08,0,ST-BDG-01
2024-09-09,0,ST-BDG-01
2024-09-10,0,ST-BDG-01
2024-09-11,0,ST-BDG-01
2024-09-12,0,ST-BDG-01
2024-09-13,0,ST-BDG-01
2024-09-14,8.0,ST-BDG-01
2024-09-15,8.9,ST-BDG-01
2024-09-16,0,ST-BDG-01
2024-09-17,0,ST-BDG-01
2024-09-18,0,ST-BDG-01
2024-09-19,2.0,ST-BDG-01
2024-09-20,0,ST-BDG-01
2024-09-21,0,ST-BDG-01
2024-09-22,0,ST-BDG-01
2024-09-23,0,ST-BDG-01
2024-09-24,0,ST-BDG-01
2024-09-25,0,ST-BDG-01
2024-09-26,2.9,ST-BDG-01
2024-09-27,0,ST-BDG-01
2024-09-28,0,ST-BDG-01
2024-09-29,0.0,ST-BDG-01
2024-09-30,0,ST-BDG-01
2024-10-01,1.3,ST-BDG-01
2024-10-02,0.2,ST-BDG-01
2024-10-03,0,ST-BDG-01
2024-10-04,0,ST-BDG-01
2024-10-05,0.4,ST-BDG-01
2024-10-06,0.1,ST-BDG-01
2024-10-07,48.2,ST-BDG-01
2024-10-08,12.2,ST-BDG-01
2024-10-09,33.2,ST-BDG-01
2024-10-10,11.9,ST-BDG-01
2024-10-11,0,ST-BDG-01
2024-10-12,0,ST-BDG-01
2024-10-13,0.4,ST-BDG-01
2024-10-14,6.3,ST-BDG-01
2024-10-15,21.5,ST-BDG-01
2024-10-16,0,ST-BDG-01
2024-10-17,1.2,ST-BDG-01
2024-10-18,0.3,ST-BDG-01
2024-10-19,45.2,ST-BDG-01
2024-10-20,0,ST-BDG-01
2024-10-21,0.0,ST-BDG-01
2024-10-22,42.9,ST-BDG-01
2024-10-23,6.1,ST-BDG-01
2024-10-24,0,ST-BDG-01
2024-10-25,0,ST-BDG-01
2024-10-26,67.2,ST-BDG-01
2024-10-27,12.5,ST-BDG-01
2024-10-28,0.2,ST-BDG-01
2024-10-29,0.0,ST-BDG-01
2024-10-30,0,ST-BDG-01
2024-10-31,0,ST-BDG-01
2024-11-01,59.2,ST-BDG-01
2024-11-02,0,ST-BDG-01
2024-11-03,46.5,ST-BDG-01
2024-11-04,0,ST-BDG-01
2024-11-05,48.2,ST-BDG-01
2024-11-06,24.4,ST-BDG-01
2024-11-07,25.6,ST-BDG-01
2024-11-08,0,ST-BDG-01
2024-11-09,10.4,ST-BDG-01
2024-11-10,10.4,ST-BDG-01
2024-11-11,34.0,ST-BDG-01
2024-11-12,0,ST-BDG-01
2024-11-13,0,ST-BDG-01
2024-11-14,19.1,ST-BDG-01
2024-11-15,0,ST-BDG-01
2024-11-16,0,ST-BDG-01
2024-11-17,6.1,ST-BDG-01
2024-11-18,52.3,ST-BDG-01
2024-11-19,40.5,ST-BDG-01
2024-11-20,0,ST-BDG-01
2024-11-21,37.6,ST-BDG-01
2024-11-22,7.5,ST-BDG-01
2024-11-23,0,ST-BDG-01
2024-11-24,4.4,ST-BDG-01
2024-11-25,29.8,ST-BDG-01
2024-11-26,1.4,ST-BDG-01
2024-11-27,0.1,ST-BDG-01
2024-11-28,60.6,ST-BDG-01
2024-11-29,1.8,ST-BDG-01
2024-11-30,0,ST-BDG-01
2024-12-01,145.7,ST-BDG-01
2024-12-02,15.9,ST-BDG-01
2024-12-03,0,ST-BDG-01
2024-12-04,0,ST-BDG-01
2024-12-05,14.2,ST-BDG-01
2024-12-06,0.1,ST-BDG-01
2024-12-07,101.9,ST-BDG-01
2024-12-08,111.8,ST-BDG-01
2024-12-09,90.3,ST-BDG-01
2024-12-10,0.2,ST-BDG-01
2024-12-11,3.9,ST-BDG-01
2024-12-12,97.1,ST-BDG-01
2024-12-13,146.0,ST-BDG-01
2024-12-14,0.8,ST-BDG-01
2024-12-15,0,ST-BDG-01
2024-12-16,0,ST-BDG-01
2024-12-17,142.0,ST-BDG-01
2024-12-18,24.7,ST-BDG-01
2024-12-19,0,ST-BDG-01
2024-12-20,14.9,ST-BDG-01
2024-12-21,87.9,ST-BDG-01
2024-12-22,45.3,ST-BDG-01
2024-12-23,3.9,ST-BDG-01
2024-12-24,0,ST-BDG-01
2024-12-25,12.1,ST-BDG-01
2024-12-26,0,ST-BDG-01
2024-12-27,0,ST-BDG-01
2024-12-28,0.2,ST-BDG-01
2024-12-29,0.0,ST-BDG-01
2024-12-30,5.3,ST-BDG-01
2024-12-31,185.5,ST-BDG-01
